Close,vol
287.30804443359375,1.6143315531177471
291.13165283203125,1.521620908862101
290.3669128417969,1.43536721308426
297.808837890625,1.3637554260069542
301.4087219238281,1.2886760792372478
299.1611022949219,1.2190102726199434
297.4917907714844,1.209434549274807
280.3416748046875,1.179233942498917
283.6990051269531,2.757791732558085
286.3475036621094,2.588640170309361
291.8591003417969,2.4305763985868736
290.64666748046875,2.2829196322372107
290.7586669921875,2.156120802760573
289.0969543457031,2.0267993613825026
290.9515686035156,1.9272763685532357
292.291015625,1.8131799786896936
284.83502197265625,1.7068190367444902
287.8886413574219,1.969520660784812
281.0508117675781,1.8525749348430056
285.1815490722656,2.041507968131809
288.8346862792969,1.9197230645777503
290.85784912109375,1.8061369299075636
292.45953369140625,1.700255560938052
296.9744873046875,1.6016167041698472
293.9114990234375,1.5097876597608118
296.1595764160156,1.5042020011454988
294.4735107421875,1.4191693757180206
297.480224609375,1.370030272133534
294.90435791015625,1.2945016901630269
298.7259826660156,1.291966422451517
301.470458984375,1.2220617957671558
300.47760009765625,1.1572655113690935
301.34869384765625,1.112157308930036
303.7840576171875,1.0555615690977591
304.4303894042969,1.0032869928561103
306.1632995605469,0.9550755586051812
302.51019287109375,0.9106823977872512
300.5619201660156,1.030873262792092
302.7536926269531,1.0304148993868296
300.8335266113281,0.9800856140485448
304.5334167480469,0.9846335152549516
303.4468688964844,0.9378907714359852
305.8447265625,0.9154830253593924
307.9710693359375,0.874283955879431
309.1606750488281,0.8364724523897137
311.0807800292969,0.8018350817742567
313.16015625,0.7701674693099675
313.3849792480469,0.7412736089385015
314.3217468261719,0.715017658691887
311.72711181640625,0.6911094345390334
316.0733337402344,0.7772283193338272
315.5019836425781,0.7477108010434851
315.5113830566406,0.7303144974438525
316.5135498046875,0.7060398987138636
317.1973876953125,0.682964307894648
315.8766174316406,0.6620590863069227
316.86016845703125,0.6793583797346447
317.984130859375,0.6587964402332256
321.206298828125,0.6402147259246509
322.33038330078125,0.6234578784930856
325.56195068359375,0.608377844709725
326.2737731933594,0.5948340230937957
328.3813171386719,0.5826934127569857
327.1916809082031,0.5718307385130927
330.2734375,0.5951552690841063
335.0504455566406,0.582981107342667
323.5200500488281,0.572087921402309
320.8785095214844,1.6216095977968632
312.1112365722656,1.5776244744292114
318.2745666503906,1.9210730455837683
312.74810791015625,1.807395696342765
312.9073486328125,1.874634995063057
317.0287170410156,1.7641881404783242
318.6304626464844,1.6611685824452265
317.365966796875,1.565220346807331
314.5746154785156,1.4908413882682492
310.9530029296875,1.4675844816380823
307.4921875,1.4849105080930491
310.6239013671875,1.4941419721628653
303.4202575683594,1.4098157876583002
304.2288818359375,1.6881662255974366
309.1474609375,1.5903585134354818
314.2822265625,1.4993110709582531
312.57061767578125,1.414621784993468
314.9405212402344,1.363722081920384
316.96234130859375,1.2886451236049588
313.9529724121094,1.218981564536384
319.5203857421875,1.238388545697945
314.9780578613281,1.1723924278620388
320.4607849121094,1.288178728046668
323.3009338378906,1.2185490334913296
326.18798828125,1.1540114665993009
331.435546875,1.094265541828218
329.27264404296875,1.0390278213815336
327.2036437988281,1.0387049498004477
326.79931640625,1.035249989371651
326.601806640625,0.9889043429014522
321.6363220214844,0.944104218018704
322.92474365234375,1.1369826852886216
322.31341552734375,1.0785141082296514
324.08135986328125,1.0316043300454651
325.1817626953125,0.9811826555579476
319.17236328125,0.9347127810009642
318.07208251953125,1.2218550367158358
307.2007141113281,1.172239591451343
310.3229675292969,1.875452273085109
307.0878601074219,1.7648618759360095
310.5298767089844,1.7320575859498737
316.01251220703125,1.6312366254523447
323.0751953125,1.5373556587112234
329.3760986328125,1.4500012094083736
329.3008728027344,1.368785865416077
333.4386901855469,1.2942888833330994
332.94970703125,1.2242157788659704
335.4230041503906,1.1637996621383613
332.1691589355469,1.1033220899967715
336.7678527832031,1.1428116960161094
340.9715881347656,1.083905226268362
339.13763427734375,1.0294571863630428
335.05621337890625,1.0160345526070609
336.4669189453125,1.116102795114874
334.162841796875,1.0592085330675938
336.1659240722656,1.0607218556849716
341.5829162597656,1.0080501072378667
341.0562744140625,0.9594653052744564
342.00604248046875,0.9208338369912128
340.4919128417969,0.879199750986335
344.2159729003906,0.8718997376861456
344.9401550292969,0.8342864513469099
344.8461608886719,0.7998346700177176
347.81793212890625,0.7700501867887491
347.1031494140625,0.741166711722367
348.11883544921875,0.7262404156256441
344.99658203125,0.7013001000015059
344.88372802734375,0.8010988599803486
344.47930908203125,0.7713620843144571
342.9370422363281,0.7478020667825711
347.5733642578125,0.7574021293431369
348.11883544921875,0.7296437798352553
350.0654602050781,0.704392339853275
348.6677551269531,0.6814702456910955
347.4210510253906,0.69371178132189
346.83551025390625,0.6990955087219366
347.1471862792969,0.6858919932533931
348.4977111816406,0.6647094715832108
351.4916076660156,0.6455542352901456
350.8211364746094,0.6282694040292724
351.3215637207031,0.6246678796285446
353.1065979003906,0.6094657243269986
348.2994079589844,0.5958101776125085
350.6982421875,0.8555260861326516
352.7948913574219,0.8192809234092538
358.03656005859375,0.7861096348444875
360.0765686035156,0.7558119828708026
357.6493225097656,0.7281958217424992
357.7249450683594,0.7765564797247204
358.688232421875,0.747718543633839
357.4320983886719,0.7208286999670189
354.82550048828125,0.7219200199762322
357.6116027832031,0.7818443535979981
362.5604248046875,0.7519207713343513
362.8909606933594,0.7246532640716125
361.60650634765625,0.6998584018132765
363.03265380859375,0.7040239532593968
362.4659729003906,0.6811362101802182
353.607177734375,0.6689768782150346
356.6482238769531,1.2702038801957682
349.50830078125,1.201881693963885
355.3260192871094,1.452158002181152
360.3504333496094,1.3707902197996715
360.6337585449219,1.295207262496546
364.7325744628906,1.2250808572558205
366.1682739257813,1.1600623794291571
368.8126220703125,1.0998639438213116
368.5670471191406,1.044200526008891
368.406494140625,0.9951436859927596
369.00146484375,0.9493642991987944
370.82427978515625,0.905428458898606
370.5031433105469,0.8650497940119259
370.5881652832031,0.8315645722232301
369.0109558105469,0.7978962686461037
368.3592834472656,0.7982813112811892
365.5259704589844,0.7755818249061392
365.9698486328125,0.8331975519862511
370.0025634765625,0.7988383060614038
361.0870361328125,0.7674306738411522
359.2264709472656,1.305879922427833
367.9342651367187,1.2623209593319316
365.0631408691406,1.1945736734362815
360.2276611328125,1.19246127020141
355.7699279785156,1.2838800721300083
362.31488037109375,1.3426229894321136
360.5109558105469,1.269060073665042
365.6581726074219,1.2273660815838896
367.9342651367187,1.1621795177127956
371.6647644042969,1.1018229208945762
372.1654357910156,1.046010710957994
374.3847351074219,0.9944730215447692
373.9125061035156,0.9469542530167172
375.1875915527344,0.9080746643085116
369.7287292480469,0.8674796998658575
369.0446472167969,1.064275641387337
371.9914245605469,1.0183314242289303
369.06353759765625,0.9689429235976156
367.1873779296875,0.997955030746613
369.2530212402344,0.9846688441350808
375.2035217285156,0.9379233086754848
375.0140686035156,0.8949069868667038
374.0191650390625,0.8575840753936325
375.5350646972656,0.8354372925665389
379.5906677246094,0.8008877763392146
385.0388793945313,0.7693022912046211
384.8115234375,0.7404850622202055
385.25689697265625,0.717197223878322
387.0856628417969,0.693087808047872
389.8997802734375,0.6712249023255676
390.04193115234375,0.6514415589543834
391.1979370117187,0.634027095965368
389.86187744140625,0.6178858625195535
394.0499572753906,0.631558000172518
395.3670349121094,0.6156635713731902
393.4245910644531,0.6013742139331879
390.5441284179687,0.6398584584942884
394.2394409179687,0.7170282261889867
390.6388244628906,0.6929343971448434
394.874267578125,0.7984936756287004
395.6986389160156,0.7671159736977652
395.6134033203125,0.7384926036436772
395.4996948242187,0.7141073939509472
398.0201110839844,0.692233680108734
395.4049072265625,0.6704512354085632
396.2576904296875,0.7262269628189008
393.8130798339844,0.7012878787016102
393.936279296875,0.7440924416963353
397.0820007324219,0.7180035356804786
399.9720153808594,0.6938197832529508
396.0113525390625,0.6718879726722055
392.4770202636719,0.8013415823378752
384.1387023925781,0.8786479199901097
388.7532653808594,1.271502695208054
394.72271728515625,1.203085874799056
393.71832275390625,1.1396896443453626
390.3261413574219,1.0912502350329474
389.30279541015625,1.114566085614535
393.4908752441406,1.068712164955831
393.1687927246094,1.0154267331967144
397.17681884765625,0.9691550550625132
396.2955932617187,0.9236391750229108
397.0820007324219,0.8920615543976979
397.2905578613281,0.8527797680322711
398.001220703125,0.8169410341100948
397.6505432128906,0.7839704715407592
398.2759704589844,0.7578317576094789
396.7977600097656,0.7300350200098157
400.4267883300781,0.7323933687352474
400.0383605957031,0.7068911894868926
400.12359619140625,0.6885542910730978
399.5266723632813,0.6678106527694818
401.38385009765625,0.6566083701586303
402.0470886230469,0.6382397417951668
402.9472351074219,0.6216789437310423
402.2082214355469,0.6067787541044857
399.9625244140625,0.6051165479561956
399.8298950195313,0.6547537672471155
394.4360046386719,0.6388379979976683
400.0827026367187,0.8785804623983033
402.2216491699219,0.8404123849278586
401.73681640625,0.8054411150789044
404.1134338378906,0.7788480225339244
405.5489196777344,0.7491878747217349
406.3664245605469,0.7221658429584498
406.5850830078125,0.6975991412159569
406.92730712890625,0.6755111750055148
409.1802673339844,0.6553251858974505
412.3078918457031,0.6370817395199442
411.556884765625,0.620636084783422
413.0113830566406,0.6172190334453426
409.6461181640625,0.602771323265181
414.01904296875,0.707255960331741
415.50201416015625,0.6840672135457246
414.0856018066406,0.6630572255109526
414.7035217285156,0.670464747707007
413.2870788574219,0.6507544812423108
410.04534912109375,0.659886306724184
403.9898681640625,0.7439225119464455
409.77923583984375,0.9851974332085388
413.096923828125,0.9384101339650104
413.9619445800781,0.8953545918179204
418.22076416015625,0.8558019097142325
419.24749755859375,0.8195335988709207
417.3367614746094,0.7863406519672979
417.1656799316406,0.791925178302507
418.895751953125,0.763265638574417
416.8614501953125,0.734984413477791
415.98681640625,0.7515555074114191
419.37109375,0.73587207277888
417.3081970214844,0.7100534482156358
419.9509887695313,0.7311499383373559
420.6448669433594,0.7057610813305271
420.30267333984375,0.6827114514958449
420.8255920410156,0.6660183616774896
421.8712158203125,0.6467366242665658
423.135498046875,0.6293352752180393
423.9056396484375,0.6136635953099542
424.9037170410156,0.5995782621278539
422.118408203125,0.5869435013295237
417.498291015625,0.6594429275736027
418.1447448730469,0.819418358558477
421.4719543457031,0.7862352891811463
425.1795043945313,0.7559266335998934
425.8544006347656,0.7283002149985924
426.7480163574219,0.7031714974840718
424.2288818359375,0.6803632857792753
428.0217895507813,0.7221158174778367
429.9041137695313,0.6975537104981986
429.26715087890625,0.6752711044811696
429.4953308105469,0.6631995720655438
430.8166809082031,0.6444061791094686
430.7120971679687,0.6272346201886161
429.1720886230469,0.6138141533650384
428.6492919921875,0.630148101426633
426.8145751953125,0.621243669674543
423.4493103027344,0.6463707032784977
424.532958984375,0.7343446080804426
422.2419738769531,0.7086648244665683
425.7688293457031,0.7372955141471238
425.0938720703125,0.711347653930501
420.9530334472656,0.6961752020749277
413.9339904785156,0.8153979674045423
413.54296875,1.0890133640467397
417.5769958496094,1.0372821997453925
422.6505737304687,0.9864200214079089
423.3467102050781,0.9395361586445276
422.1355895996094,0.8963899323447192
413.6287536621094,0.8720648838822588
414.3250427246094,1.232478673632353
409.2610168457031,1.166916368385167
414.1246948242187,1.2424572867213175
408.78411865234375,1.1761628264598627
413.03753662109375,1.2634709079289106
414.7541198730469,1.1956396988040596
418.3399658203125,1.1327945340603758
417.5769958496094,1.074641010171762
414.5538635253906,1.0277054255089677
413.5333862304687,1.038758666728603
415.0210876464844,0.9984436286949204
422.0020751953125,0.9506125352540086
425.2159423828125,0.906576649094673
426.4748229980469,0.8661040978766835
429.7651062011719,0.8289736918062065
431.4530029296875,0.7949739569248371
432.5783386230469,0.7639023202237031
432.1300964355469,0.7355644534171493
434.4475402832031,0.7147459536713451
434.8385620117187,0.6908628358306511
432.912109375,0.6692101477917703
437.08929443359375,0.6892234640634123
437.9761657714844,0.667725084042489
438.7295837402344,0.6482786389661416
440.50341796875,0.630725548301879
443.19281005859375,0.6149144794506105
445.2813415527344,0.6007014841047479
446.82623291015625,0.5879501495640737
447.207763671875,0.5765317373603427
445.72955322265625,0.5663321964486073
442.1437377929687,0.586144581949348
442.2867126464844,0.6924003662997752
445.6246337890625,0.6710919821086684
445.7771911621094,0.6513214130665289
447.5415344238281,0.6339555557623914
446.454345703125,0.617821463970703
447.9707336425781,0.6202890182894552
447.1695861816406,0.6055295971117427
445.9107971191406,0.6036355509287609
446.50201416015625,0.6120623636363226
447.6941833496094,0.598140719119022
437.7091064453125,0.5856553866658007
443.0783386230469,1.1529650306687695
434.45703125,1.0932974345796374
429.6315612792969,1.3590893517769422
436.2117919921875,1.3847484213153805
432.4161987304687,1.3081679318170762
437.5374755859375,1.304563322543051
446.58782958984375,1.2337457776721596
447.7704772949219,1.168090413947905
444.7472534179687,1.1072926944135093
448.9338989257813,1.101711826319978
444.95709228515625,1.045908052163213
441.8957214355469,1.0797819031385305
448.8004455566406,1.079197480250164
444.8426818847656,1.0251090993031111
440.1081848144531,1.0614621442078496
435.4283752441406,1.1248367838958393
443.16119384765625,1.1774502293921756
447.5921936035156,1.1159553401534874
450.3771362304687,1.0590722287563146
456.7509460449219,1.006527374583412
456.377685546875,0.9580618637136048
456.96148681640625,0.9164820823648484
455.6982421875,0.8752017078004486
454.5497741699219,0.8521940441963195
457.18157958984375,0.8295458731841716
457.0284729003906,0.7954973846145774
448.25250244140625,0.7662831676983902
447.8314208984375,1.1377518617980835
446.0609436035156,1.082185918406468
445.5058898925781,1.049049833296579
449.5636901855469,1.0016154740404015
450.779052734375,0.9535352229439216
444.5679626464844,0.9092652926890308
444.7498474121094,1.0745730980202934
436.8734130859375,1.0210743166818077
432.3371887207031,1.259690733056478
427.5520324707031,1.2875940685414249
419.158935546875,1.3228010004636557
420.93896484375,1.5318860545827948
415.7996826171875,1.4449140029739247
414.7565612792969,1.4764883328706462
412.70849609375,1.4011941864166522
422.9583435058594,1.347242300074616
430.57623291015625,1.2733474416353665
433.4856262207031,1.2047962519663544
437.6965637207031,1.14127357824398
427.4085388183594,1.082482589848201
429.4182434082031,1.4705336968382328
428.0401306152344,1.3878690035430188
431.56195068359375,1.3230541220025034
437.87835693359375,1.2509004131200194
430.0115966796875,1.1839876833246417
421.5323181152344,1.3855488373978502
420.15423583984375,1.5819246997673195
426.9299926757813,1.5023201540777924
427.4085388183594,1.4174196074093963
418.2784729003906,1.33851283365538
415.5700988769531,1.587680314707825
411.11029052734375,1.5302854965087618
403.8177795410156,1.5280729314052168
409.8948669433594,1.6500276824293656
418.938720703125,1.5548481848398366
417.8669128417969,1.4662724473199664
411.5026550292969,1.391979808561424
419.0727844238281,1.4873436578725574
416.98638916015625,1.403495389901325
413.5985107421875,1.3496696764929654
401.4059753417969,1.333682964215073
398.3627014160156,1.8170928318829944
409.0430908203125,1.749167998354887
407.196044921875,1.6471754878460858
402.0185546875,1.5697224636746343
399.0804443359375,1.5922237316507244
407.8564147949219,1.5422616027498492
416.9002990722656,1.4545643764895229
422.11614990234375,1.3730265701930486
426.7394409179687,1.297283638216474
426.6147155761719,1.2269933967365103
431.6066589355469,1.1630034235888091
426.0482482910156,1.102585299902341
432.470703125,1.2034827137163164
434.5827331542969,1.1400571416099388
437.673828125,1.0813575166047456
443.0882568359375,1.0271040498918498
440.3522338867187,0.9770321377765088
433.5746765136719,0.9796971708382692
434.803466796875,1.1679391019019978
438.5282287597656,1.10715266634984
432.9890441894531,1.050936073441196
428.6594543457031,1.1568372154489777
430.8194885253906,1.1933324114137318
429.66748046875,1.130658198026733
422.323486328125,1.0837581546933035
420.7586364746094,1.2886572500149245
425.5778503417969,1.2351387912091114
420.2786865234375,1.1693811516877135
420.4514770507813,1.2490071259646176
427.2386779785156,1.18243495447894
426.921875,1.1205694358182867
420.5379028320313,1.0657370679884943
408.9986572265625,1.221624090382462
411.369873046875,1.681822012352941
399.4562683105469,1.584450836607767
400.5794067382813,1.9712645633600463
410.6978759765625,1.8542013702866635
395.520263671875,1.7450521883196894
397.9010009765625,2.31489745943256
399.7250671386719,2.1748905889629615
411.89788818359375,2.044187501403771
397.2578125,1.9222228465045703
394.8866271972656,2.394605922811265
382.2434387207031,2.268782133135128
383.1266784667969,2.5602530053568673
377.040283203125,2.4040547337950313
376.6466369628906,2.371192910673361
385.65142822265625,2.2290614446702137
384.0866394042969,2.094752197344283
391.9875183105469,1.98101671649064
376.1858520507813,1.863296854212123
373.88177490234375,2.494993480199163
374.0450439453125,2.3626268781598756
381.0434875488281,2.2195569342890367
378.1346130371094,2.0858797958883706
381.4754638671875,1.995382405285668
389.0978393554687,1.8766959004394923
398.6498718261719,1.7660212274405236
396.4130859375,1.6628764133202891
393.2066650390625,1.5918245423857875
400.6946716308594,1.5499589430164926
394.1186218261719,1.4617243078198157
395.3186340332031,1.568463782828086
399.1106567382813,1.4789391566737031
394.77142333984375,1.3956823102368046
385.3826293945313,1.412658793947839
374.2082214355469,1.7060155552448255
360.00018310546875,2.0592835849007143
358.9154357910156,2.5595898922108393
364.0321960449219,2.409388096808153
351.98419189453125,2.2631302447452484
352.7430114746094,2.5819094686107285
361.6228332519531,2.424287882379134
360.96722412109375,2.2770462006751377
364.5056457519531,2.142778793461875
376.09466552734375,2.0142174966177895
374.6581115722656,1.8942648171457257
367.0028076171875,1.794034226000278
366.7039184570313,1.9228733067587649
363.7246398925781,1.810612306914893
367.5715637207031,1.7483179636071826
368.2658386230469,1.6463836150546207
369.5095825195313,1.5514557456721882
375.0437622070313,1.4631166640092943
374.7352294921875,1.3809750511441687
370.4544677734375,1.3068160908663546
367.1763000488281,1.3452027048394106
365.248046875,1.3391790388668892
364.3609924316406,1.2934315032681123
371.3221130371094,1.2318777727928605
368.2561645507813,1.1663596078430534
378.2062072753906,1.1741245298118288
380.6164855957031,1.112877170198584
384.4923706054687,1.0562269393087846
380.925048828125,1.003901113821218
381.3878173828125,1.0516295673152212
376.8756103515625,0.9996580776482265
386.6617431640625,1.098647217770582
391.5114440917969,1.0430762584949698
397.21917724609375,0.9917654469345368
396.04290771484375,0.9444599259210844
393.4300537109375,0.9162702479816012
399.5909118652344,0.9329119381684504
399.3209533691406,0.8902998433671904
398.64605712890625,0.8539260531440784
398.1832885742187,0.8254907958442478
396.6020812988281,0.7968333551278387
404.932373046875,0.7940102798579672
404.932373046875,0.7630225653879504
411.7874145507813,0.7358268641678153
413.4842834472656,0.7100123465050305
414.294189453125,0.6865675509525356
411.3535461425781,0.6653204467864366
412.549072265625,0.7324945947231849
407.0052490234375,0.7069831949956877
398.5303955078125,0.921715907032118
397.5662536621094,1.2846529556855018
398.83892822265625,1.2237452681170664
404.4695434570313,1.1588250669812854
390.7786254882813,1.0987191048639413
388.1947021484375,1.8243203366928564
383.93316650390625,1.7475358544251267
381.0118408203125,1.7234983767584164
382.2073974609375,1.664255812119048
378.1772155761719,1.568094700298041
376.7503051757813,1.5587666191155942
383.5185852050781,1.4837292790158907
386.025390625,1.4001352728352214
392.02239990234375,1.3224577267524822
396.2357177734375,1.250347043325157
379.0063781738281,1.183474801596597
380.45263671875,2.2161043680695034
376.1332092285156,2.082656909568216
373.2637939453125,2.0281267917490045
376.1584167480469,1.942408552906919
371.8406372070313,1.827290657920587
365.3543090820313,1.8008627590049646
362.2854614257813,1.8705645291607145
356.2153625488281,1.8054321085116136
352.69146728515625,1.8621142103514168
351.7911682128906,1.813175226291724
358.71307373046875,1.7133441319063023
351.219970703125,1.6138064572986983
345.7887878417969,1.7874885437617205
354.9180908203125,1.8246707046907156
365.9158020019531,1.7175278859815335
365.0638732910156,1.6177031256226344
361.2979431152344,1.5311523175599933
351.219970703125,1.5230542957551123
348.53826904296875,1.8980155184848675
346.3310241699219,1.8234656618499352
345.1885986328125,1.7445610721798737
354.29852294921875,1.6528848905236615
346.2244567871094,1.557508161694584
355.1214599609375,1.7885032437447093
359.2939147949219,1.683823719899888
356.747802734375,1.586314781677209
353.7563781738281,1.5347370131418032
362.3531799316406,1.5019519722575767
366.787109375,1.4170772704027077
372.6441345214844,1.3381948116911546
369.8366088867187,1.2649503542840927
367.8617248535156,1.2510958238345873
376.6133728027344,1.2144314042837074
373.8930358886719,1.1501973651622726
372.2568664550781,1.1456662962725062
362.9147033691406,1.1101953541854732
359.17779541015625,1.537689417036446
364.3475036621094,1.5285640117024035
367.8326721191406,1.4418243383910283
369.8172912597656,1.3611873442897091
362.1983337402344,1.28629198949151
382.1025695800781,1.529325850167626
385.8008117675781,1.4425328776414577
382.5188903808594,1.3618457419264436
385.7813720703125,1.3493519877245352
382.83831787109375,1.2753056156085982
381.66693115234375,1.2614681652905368
383.3998107910156,1.2060061372407425
382.0057678222656,1.142394050561831
387.146484375,1.101116867685055
389.5861206054687,1.0453582754060131
389.4989013671875,0.9938710097851798
383.28369140625,0.9476772075662948
382.6253356933594,1.1596255276894865
394.67828369140625,1.1053021821729807
394.3878479003906,1.0492259194405635
393.932861328125,0.9999801747293238
386.8463439941406,0.9561994798335648
381.2699890136719,1.2221785438347277
380.6213684082031,1.3323715978664146
383.60308837890625,1.2645859948728342
380.7375183105469,1.1966734256049258
386.2267761230469,1.189875150694122
389.1504211425781,1.1274572687567352
386.6623840332031,1.0697057640071312
377.2039489746094,1.063973698327061
372.7506408691406,1.4885974088058909
369.5898132324219,1.5076899141483109
370.0955200195313,1.4788323936167118
375.6294250488281,1.395583064302904
370.2706909179687,1.318229806652219
372.4005126953125,1.40742786333674
370.9319458007813,1.3292312869165757
366.322021484375,1.273945013552167
372.9159851074219,1.3352786260344682
371.9337158203125,1.2622440251106528
370.3678894042969,1.2042537287397566
373.2271728515625,1.1619394460794596
368.9674072265625,1.1016007795439011
377.4286193847656,1.1728291400745716
377.2146606445313,1.1116782508704772
379.8599853515625,1.057055422141264
384.6643676757813,1.0046657995066086
386.0648498535156,0.9563462162730396
387.5626220703125,0.9118514602301728
386.8526306152344,0.8709482566060519
380.7450256347656,0.8417844594439526
377.97320556640625,1.080731909091943
385.0145568847656,1.085504996781368
389.6341552734375,1.0309348572906565
389.2160339355469,0.9805651794511986
389.3618469238281,0.938071532860582
393.6410827636719,0.8953498201855452
394.5455627441406,0.8557975302904995
389.5952453613281,0.8195295869567768
395.3236389160156,0.976900548780216
399.5250854492187,0.9307697911269024
405.3409118652344,0.8883307627924196
401.0325012207031,0.8493564234217627
398.5816650390625,0.9534724469128578
403.7945251464844,0.9582499329823329
399.379150390625,0.9136030673705244
395.9168701171875,1.0108037296967418
396.8407897949219,1.0468059109960095
401.499267578125,0.9952067791239438
401.31451416015625,0.947630258209114
402.61773681640625,0.9057808429220224
397.0741882324219,0.8653733584291803
396.0821838378906,1.042037262425161
388.136474609375,1.0016666967622352
387.6015319824219,1.3133675681881627
389.6633605957031,1.245843675947969
385.5008239746094,1.1793011054256757
386.8137512207031,1.224166996520693
385.3841552734375,1.1592157601723174
383.90582275390625,1.11688840534996
386.89154052734375,1.0795169892084575
393.096435546875,1.025404182091223
393.3687744140625,0.975464527949843
387.3388977050781,0.9294985639405126
387.9710998535156,1.129708420446981
380.8130798339844,1.0717872800153083
375.3181457519531,1.3160693334318303
374.78326416015625,1.408939065498848
380.9784240722656,1.3344552767635505
378.5956726074219,1.2614799457789998
385.23822021484375,1.233082310382063
380.7337646484375,1.167475669713433
384.3947143554687,1.232707357471441
389.4420471191406,1.167128255350372
382.8034362792969,1.106402295421088
383.8382873535156,1.3042587144413458
386.35699462890625,1.2334632192950727
387.0794677734375,1.1678286049502735
386.2106018066406,1.1070504098977276
391.8241271972656,1.0596288597127457
394.1183471679687,1.007041180200609
399.6733093261719,0.9585354102072352
401.1962890625,0.913865745064664
398.9703674316406,0.8727983737730891
397.92578125,0.8802896858972892
399.47802734375,0.8556363906445815
399.8880615234375,0.8193819703405838
399.9954528808594,0.7862020200305943
398.3650817871094,0.7564144639435445
403.6564636230469,0.7598021439266948
402.67041015625,0.7318295036307775
404.1152648925781,0.7210491830300835
404.37890625,0.6965850896727719
404.310546875,0.674490917790655
402.1042175292969,0.6560677984460779
402.4166259765625,0.6943038176682809
402.83636474609375,0.6723542257092032
396.4418640136719,0.652462414244572
394.7626953125,0.961838577660303
402.62164306640625,0.9433707254593998
406.0580749511719,0.8999160196965236
405.6480407714844,0.859988829472301
401.0888671875,0.8275447317647807
398.3358459472656,0.9506972856487766
395.514404296875,0.9665734118683308
402.83636474609375,0.9835540805465196
402.94378662109375,0.9368966508649584
401.1767578125,0.8944038162083003
403.05120849609375,0.8848945425971101
402.3482971191406,0.8462038886393074
401.8210754394531,0.8188064487217394
403.2073974609375,0.7915144898905827
400.5128784179687,0.760744371181964
405.3746948242187,0.8024390579599425
409.27972412109375,0.7707191095624285
408.6842041015625,0.7417764133093968
408.8501892089844,0.7226841466466037
404.26177978515625,0.6984186738094503
401.33294677734375,0.8545319096408339
404.8084411621094,0.8906349222352958
410.0509948730469,0.8514706336325712
410.2072143554687,0.8155662291601243
407.9324951171875,0.7830561441246177
411.8082580566406,0.8027945825651868
417.7635192871094,0.7710438366628513
416.9629821777344,0.742072401720495
417.8708801269531,0.7260230462093534
416.4259948730469,0.701102630820784
418.94482421875,0.704159157123485
419.6964721679687,0.6812588053648228
423.50390625,0.660515802776526
426.2960815429687,0.6417669751467507
426.8037414550781,0.624856330563119
432.0950622558594,0.6096351704138703
430.6232299804687,0.5959622344973841
428.3891296386719,0.612678508771821
426.1941528320313,0.6538679991412953
427.7326354980469,0.6869218430850029
424.4989318847656,0.6656411841136759
422.7645263671875,0.7423271235086536
427.39947509765625,0.7476356072925616
427.6150512695313,0.7207532293628582
429.3003845214844,0.6965448900464248
434.366455078125,0.6743569459924521
434.8661804199219,0.6542730675364987
434.2194519042969,0.6361323827255908
430.81927490234375,0.6283759195581415
429.7315673828125,0.7192916304925923
430.81927490234375,0.7106225260125328
433.56292724609375,0.6871211304440229
437.0513916015625,0.66582160186185
440.5201721191406,0.6465588704608973
440.2458190917969,0.6291750288778152
441.7744140625,0.6170982550247621
445.0570983886719,0.6026628304723841
446.0467834472656,0.5897083172277777
443.0874938964844,0.5781048598916204
443.0874938964844,0.6542480416057893
445.0669250488281,0.6373383951160344
446.2819213867187,0.6208672080726769
446.35052490234375,0.6060492022312313
443.3912353515625,0.5936594174660464
447.7322082519531,0.6662607081209866
448.5846862792969,0.6469555662874538
447.3010559082031,0.6295326574843393
441.0787353515625,0.6350460583884814
439.814697265625,0.8890676050917056
437.8254699707031,0.8655043038847388
441.64703369140625,0.8609065242110028
439.7264709472656,0.8242104497202554
436.7868041992187,0.8224911200517616
436.9435424804687,0.8542479807644511
436.6888122558594,0.8184652317675178
439.0993347167969,0.78802034837296
433.9842834472656,0.7575554750427292
430.7996520996094,0.90844662481154
427.51702880859375,0.9377907614108424
427.7228088378906,0.967339640340646
430.5056762695313,0.9221605108664832
429.3396301269531,0.8804187346564615
434.1214904785156,0.8564533859171641
428.10491943359375,0.8201304148363507
431.1230163574219,1.0118703437153236
433.85693359375,0.9629865585350366
440.1282348632813,0.9179617556398264
441.9410095214844,0.8765610324380085
441.2943115234375,0.8385604510246435
442.117431640625,0.8102612849956402
440.20660400390625,0.7778653466837896
437.2473754882813,0.7815610442683294
435.9048767089844,0.8204836472233484
436.5614013671875,0.805721794820608
439.4324951171875,0.7737177446901838
437.02197265625,0.7445099160934001
437.531494140625,0.7690249749740714
441.3040771484375,0.7402323186738372
435.9871215820313,0.7140182767807581
436.2427673339844,0.8876743581621772
435.3381042480469,0.8488748501447334
431.33587646484375,0.8233297677971079
424.2066345214844,0.9018270207885908
423.2527770996094,1.143100468379215
425.0325927734375,1.0927125247762075
418.7883911132813,1.0375930203957957
418.9555358886719,1.193787321834979
421.3843994140625,1.131300657319403
420.3617248535156,1.0732595973263217
420.194580078125,1.0297476657109297
414.56976318359375,0.9811083060592763
417.5886840820313,1.119268477160627
417.4313354492187,1.0621349364500454
422.3873901367187,1.01089436204119
425.0916137695313,0.962086920222118
427.3041687011719,0.9171338424854988
429.0545349121094,0.8758004470082021
426.4387817382813,0.8378629960180455
424.3147583007813,0.8580106554066578
428.7791748046875,0.8599154750236236
428.759521484375,0.8233023561862638
423.0462341308594,0.7908777795103257
419.3291931152344,0.9766368759356492
414.1764526367187,1.0200113950217786
413.4585876464844,1.1247534842181948
416.5758361816406,1.073294958847416
410.5970458984375,1.0196582581676992
405.6802978515625,1.1719077876523212
403.8414611816406,1.2417690285411829
408.6697082519531,1.198720835852582
411.2362365722656,1.1356475296017308
415.62200927734375,1.0772793504829945
423.5870971679687,1.0233376598054404
427.45166015625,0.973558898331244
428.43499755859375,0.9276931824960882
429.6543273925781,0.8855030097989481
429.9690246582031,0.8467620862423404
426.6158447265625,0.811293977605032
433.2730712890625,0.8645039666825656
432.8600463867187,0.8275071443460734
441.25787353515625,0.7977137230557548
442.1920776367187,0.7664037828928447
442.7328796386719,0.7378436275743844
443.2835998535156,0.7118460420025267
446.6957702636719,0.6882312418638511
445.72222900390625,0.6668266647465714
447.443115234375,0.6610609951173507
447.7184448242187,0.6422592373428043
446.912109375,0.625436362145928
447.3546142578125,0.621288502525094
447.03997802734375,0.606427833504512
448.8001708984375,0.5971814648725811
451.4552001953125,0.5847959902140054
449.0853271484375,0.57371058512416
448.9968566894531,0.6232030849279582
447.1875,0.6100428548106872
450.59967041015625,0.63323521454437
452.536865234375,0.6171730632977726
454.2970275878906,0.6027300290181454
456.3719787597656,0.589768563097694
462.6653747558594,0.5781587722175843
464.1502380371094,0.5677785276107387
463.385986328125,0.5585135228316556
465.9925842285156,0.5612297042879982
468.82623291015625,0.5526763800167693
462.3295593261719,0.5450623824012695
466.71331787109375,0.8332765237343402
467.6512756347656,0.7989105647403292
469.6259765625,0.7674966578868736
470.4750671386719,0.7388395111463831
470.65277099609375,0.7127516325408214
469.2902526855469,0.6894466273742056
466.6639709472656,0.6878079836137111
462.8528442382813,0.7230518670168677
461.3619689941406,0.8004592138690417
461.993896484375,0.7892930025489397
468.58929443359375,0.7587168685550529
467.87835693359375,0.7308410828297007
470.5244445800781,0.7132315601258838
470.3171081542969,0.6894884815240833
470.6428833007813,0.6705238838149347
468.9150695800781,0.650880763230731
466.30853271484375,0.6631904011682369
470.4552917480469,0.7019414753719468
476.320068359375,0.6792481247485163
477.32720947265625,0.658696699676282
478.7193298339844,0.6401246884595576
479.24261474609375,0.6233767697380598
481.84918212890625,0.6083049279330978
481.237060546875,0.5947685999920189
485.0481567382813,0.5902071486516133
484.6729736328125,0.5785512644894679
476.764404296875,0.5727809675689762
483.0043640136719,0.931376381333328
488.0891418457031,0.8888883289632664
486.3119201660156,0.8498680049631404
487.7238464355469,0.8374299282628865
491.7916564941406,0.8027113436199897
492.00885009765625,0.770967807702651
494.8523864746094,0.7422874251701248
494.6351623535156,0.7158874761576881
487.8225708007813,0.6943634468003417
492.2557067871094,0.9230808919062876
495.6521606445313,0.8812644442740436
493.1838073730469,0.8428740228905625
490.4686279296875,0.8466704549256276
490.9129028320313,0.8570155212529169
501.0726013183594,0.8206455937109072
501.4181518554687,0.7873573708606392
499.5816955566406,0.7570148161278734
500.50982666015625,0.7554863138577635
499.8483276367187,0.7278992941518805
501.6452331542969,0.7093942197963717
506.3548278808594,0.686006791418548
505.8118286132813,0.6648128187379295
500.7566223144531,0.6513126676514172
503.2940673828125,0.7886480230349104
508.2900085449219,0.7581282639314593
505.2391357421875,0.7303050400080769
504.8047180175781,0.7653625827484879
510.2350769042969,0.7408621186716753
509.4353332519531,0.7145910729971736
508.4282531738281,0.698964921893333
504.9371032714844,0.687937640361777
507.93798828125,0.7460713061547982
510.76068115234375,0.7193298310934548
515.48486328125,0.6950239111740364
517.1883544921875,0.6729788475548323
516.2078247070312,0.6530270934897003
514.7816772460938,0.6464649272584038
513.8309326171875,0.6487460076101985
518.1490478515625,0.6422781802274606
518.050048828125,0.6253169406790745
517.148681640625,0.6119175165985867
513.860595703125,0.6088647854627525
514.4251098632812,0.6726625999066034
508.14599609375,0.6527411904535473
513.45458984375,0.8497787585797713
513.74169921875,0.8140167418811699
514.3359985351562,0.7814508567980679
509.1859130859375,0.7515618394691443
513.0286254882812,0.8637726914095444
505.9472961425781,0.8268369565286686
499.6087341308594,1.0151351296460307
498.6975708007813,1.1261531910632054
495.7461242675781,1.0750027288855764
494.72601318359375,1.0628011785527145
490.4078674316406,1.0180652417196547
494.9241027832031,1.0539626050691724
500.7972106933594,1.001811232734218
500.55950927734375,0.95371561396895
498.6579284667969,0.911407473588626
503.3821716308594,0.8939155431689344
505.1648864746094,0.854481187116402
497.1624450683594,0.8183237482209721
495.5480651855469,1.066358562588393
500.1831359863281,1.0290018444599769
506.3830871582031,0.97878236823545
511.6124572753906,0.9325025107401562
512.1769409179688,0.8899234811606777
512.2264404296875,0.8508178184764001
515.1777954101562,0.8157365587961269
515.8414916992188,0.7828694344866891
515.9107055664062,0.752855852336033
518.2777709960938,0.7262903818621588
524.6956787109375,0.7013454923090026
523.6160888671875,0.6787078397042848
524.3687744140625,0.670562504124627
524.9729614257812,0.6508428369194379
526.2603759765625,0.6330379523783106
524.7451171875,0.6169955115544875
520.9122924804688,0.6243584700385381
524.3589477539062,0.7045637331526191
524.7252807617188,0.6816256607516337
521.0509643554688,0.6609157401091899
517.5944213867188,0.7270490164256674
522.3087768554688,0.7736640662055476
522.7345581054688,0.7444609788221915
523.3189697265625,0.7178785992609124
529.5386352539062,0.6937063618811519
529.52880859375,0.6717852253198606
528.885009765625,0.653195714420993
530.5191650390625,0.6417730511374103
531.7968139648438,0.6248618050404879
536.1644897460938,0.6096400928625523
537.2440185546875,0.5959666518374879
537.5709228515625,0.583707807310746
541.849365234375,0.5728934209994635
543.22607421875,0.5630769514164826
541.7503662109375,0.5543222325802257
541.0240478515625,0.5684909547885711
539.265380859375,0.5675459684185347
541.3419799804688,0.5864473653767793
542.0176391601562,0.5751874461387876
542.8721313476562,0.56512486713761
540.7359008789062,0.5561474742824328
541.8487548828125,0.5866246214970932
545.4953002929688,0.5753459919897354
547.9295654296875,0.5652664313717428
551.0891723632812,0.5562736690470284
551.72509765625,0.5482632375114301
552.2616577148438,0.541138377215963
557.7264404296875,0.5348098710438467
552.9174194335938,0.5291958134240613
556.4049072265625,0.6659638210649435
557.93505859375,0.6466873516367149
561.2437133789062,0.6292908552615386
553.37451171875,0.6136236324205296
549.121826171875,0.8792347844653808
545.4754028320312,0.9189546565732004
551.0991821289062,0.9358683018812756
550.2346801757812,0.8930176318509455
537.7650146484375,0.8603470670511866
534.9630737304688,1.307258744068201
540.9545288085938,1.2640881232806598
541.2724609375,1.1962118779476918
538.5301513671875,1.1334139739086149
547.2837524414062,1.1056527194157963
539.5336303710938,1.0495498681306203
529.4884033203125,1.190326397607912
514.0677490234375,1.4069189185638242
518.8072509765625,1.854208449178233
515.3394775390625,1.7450587867702807
527.2528076171875,1.675621663495149
529.5777587890625,1.5786773749146574
529.8560180664062,1.4884419138667966
538.5698852539062,1.4046185138966585
540.2689208984375,1.3266218162823005
549.5292358398438,1.254210821726218
550.7612915039062,1.1870559795691833
556.02734375,1.1248472769330518
555.1232299804688,1.0672925807835147
557.0308837890625,1.020015994643106
552.6590576171875,0.9704960953056952
558.5311889648438,0.9989134172217852
557.1997680664062,0.9510454017124376
557.9649047851562,0.9180499012404824
554.7257690429688,0.8766420113771183
554.775390625,0.8871822493279413
560.0712890625,0.8490536966340053
548.5455932617188,0.8133527424359241
547.4228515625,1.2107368001286662
546.0914306640625,1.1538592698681196
536.9005737304688,1.1035930503586984
542.9118041992188,1.2966630831243708
545.2766723632812,1.2264178252502411
550.8705444335938,1.1613009985196956
555.5107421875,1.1010100212201697
558.4119873046875,1.0452595438292411
559.2366943359375,0.9937799096902002
559.4652099609375,0.946315709298754
557.8059692382812,0.9028916394798476
567.3245849609375,0.8787775999993602
566.3438720703125,0.8405931809193136
567.7590942382812,0.813628183815215
569.3836059570312,0.7809423093273475
568.1278686523438,0.7510979768459568
570.3803100585938,0.7362917857210374
569.5530395507812,0.7104350400013938
