Date,Close,vol
2020-06-02,286.4464111328125,1.6143190557992322
2020-06-03,290.2584228515625,1.5216100150042973
2020-06-04,289.49603271484375,1.4353577762661673
2020-06-05,296.9156494140625,1.3637462465573706
2020-06-08,300.50469970703125,1.2886681776110427
2020-06-09,298.2638854980469,1.2190035297573896
2020-06-10,296.59954833984375,1.2094253772830441
2020-06-11,279.50091552734375,1.1792266813913488
2020-06-12,282.8481140136719,2.7577638747426794
2020-06-15,285.4887390136719,2.5886154039742335
2020-06-16,290.9836730957031,2.4305544498333806
2020-06-17,289.7749938964844,2.2829002494150425
2020-06-18,289.88653564453125,2.156101867396974
2020-06-19,288.22991943359375,2.02678287849509
2020-06-22,290.0788879394531,1.927259208070291
2020-06-23,291.41436767578125,1.8131648605878865
2020-06-24,283.9808044433594,1.706805778053403
2020-06-25,287.025146484375,1.9694997928043867
2020-06-26,280.20794677734375,1.852556375638893
2020-06-29,284.3263244628906,2.0414797919348797
2020-06-30,287.9684143066406,1.9196977152117316
2020-07-01,289.9855651855469,1.8061141732872497
2020-07-02,291.58245849609375,1.7002351812532512
2020-07-06,296.08367919921875,1.601598502443795
2020-07-07,293.030029296875,1.5097714525114945
2020-07-08,295.271240234375,1.5041799419360142
2020-07-09,293.59027099609375,1.4191495506213265
2020-07-10,296.5879821777344,1.3700111377590345
2020-07-13,294.0199279785156,1.2944845482012002
2020-07-14,297.830078125,1.2919466942477686
2020-07-15,300.5663146972656,1.2220440856285784
2020-07-16,299.576416015625,1.157249658827365
2020-07-17,300.4449157714844,1.1121434544881104
2020-07-20,302.8730163574219,1.0555492654455472
2020-07-21,303.5173645019531,1.0032761121730878
2020-07-22,305.2449951171875,0.955065982011095
2020-07-23,301.6029052734375,0.910674014618798
2020-07-24,299.6604919433594,1.0308599422102067
2020-07-27,301.845703125,1.0304020204196838
2020-07-28,299.93133544921875,0.9800741989498849
2020-07-29,303.6201171875,0.9846212321777198
2020-07-30,302.5367736816406,0.9378799005289664
2020-07-31,304.927490234375,0.9154748679371906
2020-08-03,307.04730224609375,0.87427687115193
2020-08-04,308.2334289550781,0.8364663453029066
2020-08-05,310.1477966308594,0.8018298637473442
2020-08-06,312.220947265625,0.7701630578030211
2020-08-07,312.4451599121094,0.7412699270825357
2020-08-10,313.3789978027344,0.7150145228396735
2020-08-11,310.7921447753906,0.6911069007766556
2020-08-12,315.1253967285156,0.7772247637559782
2020-08-13,314.5556945800781,0.7477079011765373
2020-08-14,314.56500244140625,0.7303134369436954
2020-08-17,315.5643005371094,0.706039686663502
2020-08-18,316.2460632324219,0.6829644235913204
2020-08-19,314.92926025390625,0.6620594877919906
2020-08-20,315.9097595214844,0.679358019748136
2020-08-21,317.03045654296875,0.6587964096024106
2020-08-24,320.2429504394531,0.6402149832688937
2020-08-25,321.3635559082031,0.6234583862226831
2020-08-26,324.58544921875,0.6083785688446486
2020-08-27,325.2951965332031,0.5948349330791824
2020-08-28,327.3963928222656,0.5826944812725071
2020-08-31,326.2104187011719,0.5718319412750079
2020-09-01,329.2828674316406,0.5951517928596345
2020-09-02,334.0456237792969,0.5829782478544988
2020-09-03,322.5497131347656,0.5720856128540331
2020-09-04,319.91607666015625,1.621608402231661
2020-09-08,311.17510986328125,1.577623840699836
2020-09-09,317.32000732421875,1.92106575841872
2020-09-10,311.8100891113281,1.8073897820493607
2020-09-11,311.9689025878906,1.8746298224323017
2020-09-14,316.077880859375,1.7641841024957796
2020-09-15,317.67486572265625,1.6611656278424087
2020-09-16,316.41412353515625,1.5652183553583634
2020-09-17,313.6311340332031,1.4908407003976734
2020-09-18,310.0204162597656,1.4675838173842914
2020-09-21,306.570068359375,1.4849072134540433
2020-09-22,309.6922607421875,1.494133874152431
2020-09-23,302.5101623535156,1.40980894003672
2020-09-24,303.3165283203125,1.6881613891019758
2020-09-25,308.22027587890625,1.5903547816234587
2020-09-28,313.33966064453125,1.4993083247182566
2020-09-29,311.6330871582031,1.4146199153746677
2020-09-30,313.9958801269531,1.363723181671066
2020-10-01,316.0116882324219,1.2886467648648503
2020-10-02,313.0113830566406,1.2189836716849312
2020-10-05,318.5620422363281,1.2383875402697733
2020-10-06,314.0334167480469,1.1723920576218525
2020-10-07,319.4996337890625,1.2881706245241857
2020-10-08,322.3312072753906,1.2185421032144539
2020-10-09,325.2097473144531,1.1540055990407947
2020-10-12,330.44158935546875,1.0942606351112218
2020-10-13,328.2850646972656,1.0390237815762988
2020-10-14,326.2222900390625,1.0387052661586331
2020-10-15,325.8191223144531,1.035249043483642
2020-10-16,325.62225341796875,0.9889044842287082
2020-10-19,320.671630859375,0.9441042801435409
2020-10-20,321.95623779296875,1.1369818184851737
2020-10-21,321.34674072265625,1.0785138202628775
2020-10-22,323.10943603515625,1.0316044225859695
2020-10-23,324.2064514160156,0.9811832047649677
2020-10-26,318.2151184082031,0.9347137266872696
2020-10-27,317.1181335449219,1.2218471719807358
2020-10-28,306.27935791015625,1.1722327215381045
2020-10-29,309.39215087890625,1.875439874886644
2020-10-30,306.1668395996094,1.7648511772278488
2020-11-02,309.5985412597656,1.7320439322836942
2020-11-03,315.06475830078125,1.631224699790706
2020-11-04,322.1062316894531,1.5373453033533637
2020-11-05,328.3882141113281,1.4499922793515634
2020-11-06,328.3132019042969,1.3687782273176585
2020-11-09,332.4386901855469,1.294282448289632
2020-11-10,331.9510498046875,1.2242103982347996
2020-11-11,334.4170227050781,1.1637965528736713
2020-11-12,331.1728515625,1.1033197391649041
2020-11-13,335.7578125,1.1428128628568368
2020-11-16,339.94891357421875,1.0839068219404486
2020-11-17,338.1205749511719,1.0294591488229083
2020-11-18,334.0513916015625,1.0160321688638698
2020-11-19,335.457763671875,1.1160989617328092
2020-11-20,333.16070556640625,1.0592054933754447
2020-11-23,335.1577453613281,1.0607142672029162
2020-11-24,340.558349609375,1.008043579964702
2020-11-25,340.03326416015625,0.9594597418899233
2020-11-27,340.9802551269531,0.9208293699064578
2020-11-30,339.470703125,0.879196057844307
2020-12-01,343.1837158203125,0.8718950352842628
2020-12-02,343.9056091308594,0.8342825280024474
2020-12-03,343.8119201660156,0.7998314498334752
2020-12-04,346.77471923828125,0.7700473560333555
2020-12-07,346.06207275390625,0.7411644706137437
2020-12-08,347.0747375488281,0.7262386394369518
2020-12-09,343.9618835449219,0.7012988042109269
2020-12-10,343.849365234375,0.8010937533556509
2020-12-11,343.44622802734375,0.7713577500874127
2020-12-14,341.908447265625,0.7477973068654074
2020-12-15,346.5308837890625,0.7574029591031536
2020-12-16,347.0747375488281,0.7296448683161062
2020-12-17,349.0155944824219,0.7043936484163521
2020-12-18,347.6219787597656,0.6814717394594473
2020-12-21,346.3790283203125,0.6937165501679111
2020-12-22,345.7952575683594,0.6990989073338711
2020-12-23,346.1059875488281,0.6858948357462313
2020-12-24,347.4524841308594,0.6647123441539304
2020-12-28,350.43743896484375,0.6455571179405373
2020-12-29,349.76885986328125,0.628272280956135
2020-12-30,350.267822265625,0.6246732505799762
2020-12-31,352.047607421875,0.609470821855066
2021-01-04,347.2548828125,0.5958150127668441
2021-01-05,349.64642333984375,0.8555208612967778
2021-01-06,351.73681640625,0.8192765171277964
2021-01-07,356.9627685546875,0.7861059689405715
2021-01-08,358.9967041015625,0.7558089847176349
2021-01-11,356.5766906738281,0.7281934239406812
2021-01-12,356.6520080566406,0.7765558509722044
2021-01-13,357.61236572265625,0.747718671230689
2021-01-14,356.36004638671875,0.7208291442733243
2021-01-15,353.76123046875,0.7219187044151011
2021-01-19,356.5390319824219,0.781844046141922
2021-01-20,361.4730224609375,0.7519208355411586
2021-01-21,361.8025817871094,0.7246536527426547
2021-01-22,360.5220031738281,0.6998590709351097
2021-01-25,361.9438781738281,0.7040235319196828
2021-01-26,361.37884521484375,0.68113613516165
2021-01-27,352.5466003417969,0.6689778779883832
2021-01-28,355.5786437988281,1.2701984647661124
2021-01-29,348.4600524902344,1.2018772495513745
2021-02-01,354.2603759765625,1.4521564376194493
2021-02-02,359.2696838378906,1.3707894275159502
2021-02-03,359.5521545410156,1.2952071504964768
2021-02-04,363.63873291015625,1.225081342040044
2021-02-05,365.0699768066406,1.1600633837198215
2021-02-08,367.70648193359375,1.0998653976196964
2021-02-09,367.461669921875,1.0442023654995454
2021-02-10,367.3016052246094,0.9951455697834714
2021-02-11,367.894775390625,0.9493663741647449
2021-02-12,369.7120666503906,0.9054307923242417
2021-02-16,369.3919372558594,0.8650523404650535
2021-02-17,369.4766540527344,0.831566711046983
2021-02-18,367.90423583984375,0.797898785716272
2021-02-19,367.25445556640625,0.798281260878936
2021-02-22,364.4295959472656,0.7755830139498808
2021-02-23,364.8722229003906,0.8331996272933734
2021-02-24,368.892822265625,0.7988405742899986
2021-02-25,360.004150390625,0.7674330979416467
2021-02-26,358.1491394042969,1.3058626724644347
2021-03-01,366.8307800292969,1.262305990639822
2021-03-02,363.9683837890625,1.1945603699670886
2021-03-03,359.1473388671875,1.1924446692473007
2021-03-04,354.7029113769531,1.2838681610235323
2021-03-05,361.2282409667969,1.3426145787799593
2021-03-08,359.42974853515625,1.2690528780284245
2021-03-09,364.56146240234375,1.2273590650865127
2021-03-10,366.8307800292969,1.162173573416975
2021-03-11,370.5501403808594,1.1018179460969386
2021-03-12,371.04913330078125,1.0460066109756996
2021-03-15,373.261962890625,0.9944697090712772
2021-03-16,372.7911071777344,0.9469516475414895
2021-03-17,374.06231689453125,0.9080730921651526
2021-03-18,368.61981201171875,0.8674786612895005
2021-03-19,367.93780517578125,1.0642726163936123
2021-03-22,370.8757629394531,1.0183286444399953
2021-03-23,367.9566345214844,0.9689408182631424
2021-03-24,366.0861511230469,0.997953308569033
2021-03-25,368.1456298828125,0.9846655717058811
2021-03-26,374.0782470703125,0.9379207364175717
2021-03-29,373.8892517089844,0.894905041226295
2021-03-30,372.8973693847656,0.8575835353674868
2021-03-31,374.4089050292969,0.8354360875765215
2021-04-01,378.4521484375,0.8008870440594358
2021-04-05,383.88409423828125,0.7693019762535289
2021-04-06,383.6573791503906,0.7404851137886029
2021-04-07,384.1014099121094,0.717197925369594
2021-04-08,385.9246520996094,0.6930887582644264
2021-04-09,388.73040771484375,0.6712260647751209
2021-04-12,388.8721008300781,0.651442900756874
2021-04-13,390.0246276855469,0.6340286948813343
2021-04-14,388.69256591796875,0.6178875746983623
2021-04-15,392.8680419921875,0.6315594581898063
2021-04-16,394.1812438964844,0.6156651551149599
2021-04-19,392.2445983886719,0.6013759001518757
2021-04-20,389.372802734375,0.6398602964533634
2021-04-21,393.0570983886719,0.717026766148839
2021-04-22,389.4671630859375,0.6929333851116602
2021-04-23,393.69000244140625,0.7984979799449388
2021-04-26,394.5118408203125,0.7671202568283291
2021-04-27,394.42681884765625,0.7384968442594697
2021-04-28,394.3135070800781,0.714111822367946
2021-04-29,396.826416015625,0.6922374805217822
2021-04-30,394.2190246582031,0.670454978973571
2021-05-03,395.0692138671875,0.7262303827734753
2021-05-04,392.6319274902344,0.7012913033805811
2021-05-05,392.7547607421875,0.7440947094743766
2021-05-06,395.89111328125,0.7180058879006975
2021-05-07,398.7724304199219,0.693822232498512
2021-05-10,394.8236389160156,0.6718904935008031
2021-05-11,391.2999572753906,0.8013416851399378
2021-05-12,382.9866638183594,0.8786437896251482
2021-05-13,387.5873107910156,1.2714928640849283
2021-05-14,393.5388488769531,1.2030773368922703
2021-05-17,392.5374755859375,1.1396822825653368
2021-05-18,389.1554870605469,1.091243646160453
2021-05-19,388.1352844238281,1.1145587314381238
2021-05-20,392.31072998046875,1.0687045293384285
2021-05-21,391.9895324707031,1.015420164687462
2021-05-24,395.9855651855469,0.9691500794313798
2021-05-25,395.1070251464844,0.9236350292232651
2021-05-26,395.89111328125,0.8920572682617498
2021-05-27,396.0989685058594,0.8527762322773169
2021-05-28,396.8075256347656,0.8169383359483184
2021-06-01,396.45794677734375,0.7839683665425247
2021-06-02,397.0813903808594,0.757829564765744
2021-06-03,395.6077575683594,0.7300333561490978
2021-06-04,399.22589111328125,0.7323874205717766
2021-06-07,398.83856201171875,0.7068861039325244
2021-06-08,398.9236145019531,0.6885507344088804
2021-06-09,398.32843017578125,0.6678073489299282
2021-06-10,400.1800842285156,0.6566063739956154
2021-06-11,400.8413391113281,0.6382382241684871
2021-06-14,401.7387390136719,0.6216778518480652
2021-06-15,401.0018310546875,0.60677803952683
2021-06-16,398.7629089355469,0.6051182270211821
2021-06-17,398.6307678222656,0.6547524143839067
2021-06-18,393.2530212402344,0.6388361691805047
2021-06-21,398.8827819824219,0.8785781369326913
2021-06-22,401.015380859375,0.8404106433014216
2021-06-23,400.5319519042969,0.8054398936781416
2021-06-24,402.9014892578125,0.7788477651244385
2021-06-25,404.3325500488281,0.7491879831828274
2021-06-28,405.1477355957031,0.7221662705724116
2021-06-29,405.3656311035156,0.6975998453834888
2021-06-30,405.7068176269531,0.6755123800232948
2021-07-01,407.953125,0.6553265725332182
2021-07-02,411.07135009765625,0.6370832740933027
2021-07-06,410.3226013183594,0.6206377410446193
2021-07-07,411.77264404296875,0.6172203738947528
2021-07-08,408.4175720214844,0.6027727919908721
2021-07-09,412.7771911621094,0.7072495477661611
2021-07-12,414.25579833984375,0.6840617059593842
2021-07-13,412.8436584472656,0.6630525381505941
2021-07-14,413.4596862792969,0.6704597210712024
2021-07-15,412.0474853515625,0.6507502287060264
2021-07-16,408.8155517578125,0.659882540332072
2021-07-19,402.7781982421875,0.7439141867715772
2021-07-20,408.5502014160156,0.9851905462817835
2021-07-21,411.8580017089844,0.9384042329574811
2021-07-22,412.7204284667969,0.8953495857607355
2021-07-23,416.966552734375,0.8557977142058562
2021-07-26,417.99005126953125,0.8195301356039949
2021-07-27,416.0851135253906,0.78633784831572
2021-07-28,415.9144592285156,0.7919203031832776
2021-07-29,417.6393737792969,0.7632621497828286
2021-07-30,415.61114501953125,0.7349815708359143
2021-08-02,414.73919677734375,0.7515535336883883
2021-08-03,418.11328125,0.7358692322692989
2021-08-04,416.0566101074219,0.7100511882076745
2021-08-05,418.69146728515625,0.7311460995254665
2021-08-06,419.38330078125,0.7057579127277465
2021-08-09,419.04217529296875,0.6827088858292659
2021-08-10,419.5633544921875,0.6660157545357814
2021-08-11,420.60595703125,0.6467345574586763
2021-08-12,421.86651611328125,0.6293336910539032
2021-08-13,422.63421630859375,0.613662440664379
2021-08-16,423.6294250488281,0.5995774882758107
2021-08-17,420.8523864746094,0.5869430637759426
2021-08-18,416.2461242675781,0.6594454320395655
2021-08-19,416.8907165527344,0.8194176028443786
2021-08-20,420.2078857421875,0.7862349609699427
2021-08-23,423.904296875,0.7559266809030246
2021-08-24,424.5771484375,0.7283005902301469
2021-08-25,425.4681091308594,0.7031721572235944
2021-08-26,422.9564514160156,0.680364190556961
2021-08-27,426.7381286621094,0.7221189272690802
2021-08-30,428.61474609375,0.6975568504599363
2021-08-31,427.97967529296875,0.6752742538227633
2021-09-01,428.2071228027344,0.6632027655219362
2021-09-02,429.52459716796875,0.6444094603281202
2021-09-03,429.4202880859375,0.6272378554319046
2021-09-07,427.8848876953125,0.6138175740871303
2021-09-08,427.3636779785156,0.6301509931185272
2021-09-09,425.5344543457031,0.6212460572687617
2021-09-10,422.17926025390625,0.6463725249017933
2021-09-13,423.2597961425781,0.7343456159285247
2021-09-14,420.9756164550781,0.7086660623770399
2021-09-15,424.49188232421875,0.7372983197318911
2021-09-16,423.8189697265625,0.7113505280918507
2021-09-17,419.6905517578125,0.6961775656262066
2021-09-20,412.6925048828125,0.8153975426101233
2021-09-21,412.30267333984375,1.0890126594262108
2021-09-22,416.3245544433594,1.0372818175150769
2021-09-23,421.3829345703125,0.9864201353455344
2021-09-24,422.07708740234375,0.939536706008258
2021-09-27,420.8695373535156,0.8963908557719024
2021-09-28,412.3882751464844,0.8720669571177829
2021-09-29,413.08233642578125,1.2324699216014317
2021-09-30,408.03350830078125,1.1669088178582092
2021-10-01,412.8826599121094,1.2424488188450074
2021-10-04,407.5580749511719,1.176155542565881
2021-10-05,411.7987365722656,1.2634642315448406
2021-10-06,413.5102233886719,1.1956340828270564
2021-10-07,417.0852355957031,1.1327898753808703
2021-10-08,416.3245544433594,1.0746372138320146
2021-10-11,413.310546875,1.0277022610681246
2021-10-12,412.29315185546875,1.038753237697769
2021-10-13,413.77642822265625,0.9984385737682145
2021-10-14,420.7364196777344,0.9506083257724263
2021-10-15,423.940673828125,0.9065732023153207
2021-10-18,425.19580078125,0.8661013372862023
2021-10-19,428.4761047363281,0.8289715466748074
2021-10-20,430.1590270996094,0.794972361915481
2021-10-21,431.28094482421875,0.7639012150513966
2021-10-22,430.8340759277344,0.7355637825523476
2021-10-25,433.1445617675781,0.7147451991208109
2021-10-26,433.534423828125,0.6908624632408823
2021-10-27,431.61376953125,0.6692101089139669
2021-10-28,435.7783203125,0.6892222538402489
2021-10-29,436.6625671386719,0.6677242880105668
2021-11-01,437.4137268066406,0.6482782090464256
2021-11-02,439.18218994140625,0.6307254405066938
2021-11-03,441.8636169433594,0.6149146537060877
2021-11-04,443.9458312988281,0.6007019040727626
2021-11-05,445.48614501953125,0.5879507824591461
2021-11-08,445.8664855957031,0.5765325537587873
2021-11-09,444.3927001953125,0.5663331898839709
2021-11-10,440.817626953125,0.5861453165966615
2021-11-11,440.96026611328125,0.6923998113066808
2021-11-12,444.28814697265625,0.6710914100194086
2021-11-15,444.44024658203125,0.6513211869591174
2021-11-16,446.1992492675781,0.6339556100175228
2021-11-17,445.1153564453125,0.6178217856453689
2021-11-18,446.62713623046875,0.6202884002847834
2021-11-19,445.82843017578125,0.6055293078725487
2021-11-22,444.5733947753906,0.6036345707183772
2021-11-23,445.1629333496094,0.6120618626597583
2021-11-24,446.3514404296875,0.5981405314835166
2021-11-26,436.39630126953125,0.5856554737720067
2021-11-29,441.74945068359375,1.1529585828046256
2021-11-30,433.1540832519531,1.0932919906267538
2021-12-01,428.34295654296875,1.3590757893125838
2021-12-02,434.90362548828125,1.3847403547066564
2021-12-03,431.1193542480469,1.3081610711828593
2021-12-06,436.2252197265625,1.3045585530544825
2021-12-07,445.24853515625,1.2337419459493397
2021-12-08,446.4274597167969,1.1680874228422369
2021-12-09,443.4133605957031,1.1072904546990976
2021-12-10,447.58740234375,1.1017077475517485
2021-12-13,443.6225891113281,1.0459047801309234
2021-12-14,440.57037353515625,1.0797755932732531
2021-12-15,447.454345703125,1.079192217605412
2021-12-16,443.5085144042969,1.0251047253785415
2021-12-17,438.7882995605469,1.0614550018573299
2021-12-20,434.1224365234375,1.1248257726575266
2021-12-21,441.83203125,1.177443227727629
2021-12-22,446.2498474121094,1.1159493921485883
2021-12-23,449.0263977050781,1.0590672342957468
2021-12-27,455.3811340332031,1.006523241271519
2021-12-28,455.0088806152344,0.95805850626092
2021-12-29,455.5909729003906,0.9164802137757149
2021-12-30,454.33154296875,0.8752004003960507
2021-12-31,453.18646240234375,0.8521924749388186
2022-01-03,455.8104248046875,0.8295455055170583
2022-01-04,455.65771484375,0.7954974158562933
2022-01-05,446.9081726074219,0.7662839021472153
2022-01-06,446.48834228515625,1.13773914642195
2022-01-07,444.72314453125,1.0821747078101238
2022-01-10,444.1697692871094,1.0490403245707816
2022-01-11,448.21533203125,1.0016069746626983
2022-01-12,449.4270935058594,0.9535278404506582
2022-01-13,443.2345886230469,0.9092589277988042
2022-01-14,443.41595458984375,1.0745678324502939
2022-01-18,435.56317138671875,1.0210698710658734
2022-01-19,431.04046630859375,1.2596817535352294
2022-01-20,426.2696838378906,1.2875884250007457
2022-01-21,417.9017639160156,1.3227940767986603
2022-01-24,419.6765441894531,1.5318766702307365
2022-01-25,414.5527648925781,1.4449059739351895
2022-01-26,413.51263427734375,1.4764765934105408
2022-01-27,411.4708251953125,1.4011853366132507
2022-01-28,421.6897888183594,1.347232177016282
2022-01-31,429.2848205566406,1.2733386582794186
2022-02-01,432.18548583984375,1.204788686124254
2022-02-02,436.3837585449219,1.1412671172349242
2022-02-03,426.1266174316406,1.0824771297200642
2022-02-04,428.13037109375,1.4705222128909619
2022-02-07,426.75640869140625,1.3878589993933141
2022-02-08,430.26763916015625,1.3230450583703075
2022-02-09,436.56512451171875,1.2508926045295874
2022-02-10,428.72186279296875,1.183981013340021
2022-02-11,420.2680358886719,1.3855456001974418
2022-02-14,418.89410400390625,1.5819173121002492
2022-02-15,425.6495361328125,1.5023136099752574
2022-02-16,426.1266174316406,1.417414207847123
2022-02-17,417.0238952636719,1.3385084630426478
2022-02-18,414.3236999511719,1.5876750218216054
2022-02-22,409.8772888183594,1.5302795758422572
2022-02-23,402.60662841796875,1.5280661891601024
2022-02-24,408.66546630859375,1.6500204983202071
2022-02-25,417.68231201171875,1.554842250905851
2022-02-28,416.6136474609375,1.4662676369945522
2022-03-01,410.26849365234375,1.391976640027798
2022-03-02,417.8158874511719,1.4873379803721005
2022-03-03,415.73583984375,1.4034907898802444
2022-03-04,412.358154296875,1.3496638950012538
2022-03-07,400.2021179199219,1.333676386060276
2022-03-08,397.1679382324219,1.8170859537692632
2022-03-09,407.81640625,1.7491625717937944
2022-03-10,405.97479248046875,1.6471712330117634
2022-03-11,400.8128356933594,1.5697206287122771
2022-03-14,397.8835144042969,1.5922206868346565
2022-03-15,406.6331787109375,1.5422593567514822
2022-03-16,415.6499328613281,1.4545629912318754
2022-03-17,420.8501281738281,1.3730259456358733
2022-03-18,425.4595947265625,1.297283682974736
2022-03-21,425.335205078125,1.22699402736017
2022-03-22,430.3122253417969,1.1630046994000063
2022-03-23,424.7705078125,1.1025870063900833
2022-03-24,431.17364501953125,1.2034807915807026
2022-03-25,433.2792663574219,1.1400559065947697
2022-03-28,436.3612060546875,1.0813568894823573
2022-03-29,441.7593994140625,1.0271039580816594
2022-03-30,439.03155517578125,0.9770325148281563
2022-03-31,432.27435302734375,0.9796978267275517
2022-04-01,433.4994812011719,1.1679345674524098
2022-04-04,437.2130432128906,1.1071489983240128
2022-04-05,431.69049072265625,1.0509331830892672
2022-04-06,427.37384033203125,1.1568317387618747
2022-04-07,429.5273742675781,1.193328334885832
2022-04-08,428.37884521484375,1.1306549638467989
2022-04-11,421.0568542480469,1.0837551196081852
2022-04-12,419.4967346191406,1.2886527041080542
2022-04-13,424.3015441894531,1.235134271342278
2022-04-14,419.0181884765625,1.1693775235237454
2022-04-18,419.1904602050781,1.2490061891341528
2022-04-19,425.9573059082031,1.1824346429160957
2022-04-20,425.64141845703125,1.1205696825030658
2022-04-21,419.276611328125,1.0657379684214674
2022-04-22,407.77197265625,1.221620821204251
2022-04-25,410.1361389160156,1.6818129161781747
2022-04-26,398.2582702636719,1.584443135539867
2022-04-27,399.37799072265625,1.9712521333067117
2022-04-28,409.46612548828125,1.8541906813395437
2022-04-29,394.333984375,1.745043074206429
2022-05-02,396.70770263671875,2.314885949608825
2022-05-03,398.5262451171875,2.1748809054731915
2022-05-04,410.6625671386719,2.0441794618779947
2022-05-05,396.0663757324219,1.9222162840590806
2022-05-06,393.70233154296875,2.3945948488117845
2022-05-09,381.0970764160156,2.2687721806731482
2022-05-10,381.97760009765625,2.5602385562546797
2022-05-11,375.909423828125,2.4040424121039172
2022-05-12,375.5169982910156,2.3711822921285277
2022-05-13,384.494873046875,2.2290524089887813
2022-05-16,382.9347229003906,2.0947447862107453
2022-05-17,390.8118591308594,1.9810112185434607
2022-05-18,375.0575256347656,1.8632926347846641
2022-05-19,372.760498046875,2.4949854054514957
2022-05-20,372.9232482910156,2.3626181212404225
2022-05-23,379.900634765625,2.2195498688218
2022-05-24,377.0005798339844,2.085874219736569
2022-05-25,380.3313293457031,1.9953756139780607
2022-05-26,387.930908203125,1.876690481018124
2022-05-27,397.4542236328125,1.7660170351151563
2022-05-31,395.22412109375,1.6628733157334281
2022-06-01,392.02734375,1.5918224582417821
2022-06-02,399.492919921875,1.5499561516825633
2022-06-03,392.9366455078125,1.461722418738188
2022-06-06,394.1330261230469,1.5684570285889374
2022-06-07,397.91363525390625,1.4789335888821262
2022-06-08,393.58746337890625,1.3956778087129789
2022-06-09,384.2267761230469,1.4126520129776206
2022-06-10,373.0859069824219,1.7060089545430226
2022-06-13,358.9205017089844,2.059270867253839
2022-06-14,357.8389587402344,2.5595708504998442
2022-06-15,362.9404296875,2.4093718115992457
2022-06-16,350.9285888671875,2.2631161425913877
2022-06-17,351.6850891113281,2.5818904264087976
2022-06-21,360.5382995605469,2.42427127884493
2022-06-22,359.8846130371094,2.277031807596135
2022-06-23,363.4124450683594,2.142766630868722
2022-06-24,374.9666748046875,2.0142071294877995
2022-06-27,373.5343933105469,1.8942560704292402
2022-06-28,365.9020690917969,1.7940272214983333
2022-06-29,365.6040954589844,1.9228634585838003
2022-06-30,362.6337890625,1.8106038779939722
2022-07-01,366.4692077636719,1.7483093528931062
2022-07-05,367.1612548828125,1.6463763935732014
2022-07-06,368.40130615234375,1.551449775424712
2022-07-07,373.91888427734375,1.4631118184824052
2022-07-08,373.611328125,1.380971214359758
2022-07-11,369.3433837890625,1.3068127648121657
2022-07-12,366.0750732421875,1.3451995138577417
2022-07-13,364.15252685546875,1.3391746798404591
2022-07-14,363.2682189941406,1.2934294546253018
2022-07-15,370.20849609375,1.2318750948563548
2022-07-18,367.1517028808594,1.1663576850014332
2022-07-19,377.0718078613281,1.174123679666515
2022-07-20,379.4749450683594,1.1128769145357051
2022-07-21,383.3392639160156,1.0562272052881143
2022-07-22,379.7825622558594,1.0039018348284117
2022-07-25,380.2439880371094,1.0516325876884731
2022-07-26,375.7453308105469,0.9996613383914773
2022-07-27,385.5020751953125,1.0986467946317837
2022-07-28,390.3371887207031,1.043076363086347
2022-07-29,396.02783203125,0.9917660127222068
2022-08-01,394.8550720214844,0.9444608920853743
2022-08-02,392.2500915527344,0.9162715775047067
2022-08-03,398.3925476074219,0.9329110129310508
2022-08-04,398.1234130859375,0.8902994098244607
2022-08-05,397.4504089355469,0.8539258492178006
2022-08-08,396.98907470703125,0.8254927462269859
2022-08-09,395.41265869140625,0.796834798790422
2022-08-10,403.7178955078125,0.7940099178957911
2022-08-11,403.7178955078125,0.7630225854734135
2022-08-12,410.55242919921875,0.7358271782015892
2022-08-15,412.244140625,0.7100129544546655
2022-08-16,413.0516662597656,0.686568412428427
2022-08-17,410.11981201171875,0.6653215251981248
2022-08-18,411.3117980957031,0.732495675156358
2022-08-19,405.7845764160156,0.7069844978500559
2022-08-22,397.3351135253906,0.9217150979849529
2022-08-23,396.3738708496094,1.2846489274289128
2022-08-24,397.6427307128906,1.223741856333588
2022-08-25,403.2564392089844,1.1588224608274482
2022-08-26,389.60662841796875,1.0987172174871285
2022-08-29,387.03045654296875,1.8243053331967882
2022-08-30,382.78173828125,1.747522327998471
2022-08-31,379.86907958984375,1.7234845372604664
2022-09-01,381.0610656738281,1.6642455918314893
2022-09-02,377.0429992675781,1.5680859454633638
2022-09-06,375.620361328125,1.5587571644613274
2022-09-07,382.3683776855469,1.483721099980341
2022-09-08,384.86767578125,1.400128345795748
2022-09-09,390.84661865234375,1.3224519303529139
2022-09-12,395.04736328125,1.2503422660401804
2022-09-13,377.86968994140625,1.1834709409223934
2022-09-14,379.31158447265625,2.2160896053925474
2022-09-15,375.005126953125,2.0826441467578527
2022-09-16,372.144287109375,2.028114537681544
2022-09-19,375.03021240234375,1.9423982555451533
2022-09-20,370.7253723144531,1.827281945806664
2022-09-21,364.258544921875,1.8008547559242567
2022-09-22,361.1988220214844,1.8705533455057062
2022-09-23,355.14703369140625,1.8054240414259635
2022-09-26,351.6336975097656,1.8621003368666664
2022-09-27,350.7360534667969,1.813162764704554
2022-09-28,357.63720703125,1.7133337292645459
2022-09-29,350.1665954589844,1.6137975523407098
2022-09-30,344.75177001953125,1.787476745677828
2022-10-03,353.8536376953125,1.8246556903090936
2022-10-04,364.8183288574219,1.7175147284251993
2022-10-05,363.968994140625,1.6176916564416313
2022-10-06,360.21435546875,1.5311418633480804
2022-10-07,350.1665954589844,1.5230444683838171
2022-10-10,347.492919921875,1.8980032468777004
2022-10-11,345.292236328125,1.8234550350736292
2022-10-12,344.1533203125,1.7445529227438077
2022-10-13,353.23590087890625,1.6528767949514287
2022-10-14,345.18609619140625,1.5575013804003788
2022-10-17,354.0563659667969,1.7884904887076927
2022-10-18,358.21636962890625,1.6838126535644984
2022-10-19,355.6778869628906,1.5863052468437275
2022-10-20,352.6954345703125,1.5347285260997148
2022-10-21,361.26641845703125,1.5019440366383479
2022-10-24,365.6870422363281,1.4170705768535252
2022-10-25,371.52655029296875,1.338189238860236
2022-10-26,368.7274169921875,1.2649457906956127
2022-10-27,366.75848388671875,1.2510922719433624
2022-10-28,375.48382568359375,1.214427443814492
2022-10-31,372.7716369628906,1.1501942469323672
2022-11-01,371.1404113769531,1.145663418726817
2022-11-02,361.82623291015625,1.1101919226090762
2022-11-03,358.1005859375,1.537683490040267
2022-11-04,363.2547302246094,1.5285560766395352
2022-11-07,366.7294921875,1.4418176559551015
2022-11-08,368.7081298828125,1.36118179165212
2022-11-09,361.1120300292969,1.2862874538555624
2022-11-10,380.95660400390625,1.5293176536880593
2022-11-11,384.6436767578125,1.4425259523815908
2022-11-14,381.3716125488281,1.3618399639317869
2022-11-15,384.6243591308594,1.34934588185576
2022-11-16,381.6901550292969,1.275300561714994
2022-11-17,380.522216796875,1.261462474257044
2022-11-18,382.2499694824219,1.2060022593704813
2022-11-21,380.8600769042969,1.1423910054281314
2022-11-22,385.9852600097656,1.101114856322374
2022-11-23,388.4176330566406,1.0453569135382732
2022-11-25,388.3307800292969,0.9938702235482806
2022-11-28,382.1341247558594,0.9476762857606689
2022-11-29,381.477783203125,1.1596271204812763
2022-11-30,393.49456787109375,1.1053035746776896
2022-12-01,393.2050476074219,1.0492277050320158
2022-12-02,392.7514343261719,0.9999818723189702
2022-12-05,385.6860656738281,0.956201288612311
2022-12-06,380.1264953613281,1.2221830060913257
2022-12-07,379.4798889160156,1.3323695118512122
2022-12-08,382.4526672363281,1.264583856085912
2022-12-09,379.5956726074219,1.196672016600642
2022-12-12,385.068359375,1.1898740314457819
2022-12-13,387.9833068847656,1.1274567711274226
2022-12-14,385.502685546875,1.0697058130624526
2022-12-15,376.0726623535156,1.0639748357764816
2022-12-16,371.6327209472656,1.488588017222618
2022-12-19,368.48138427734375,1.5076801952166188
2022-12-20,368.985595703125,1.4788229879977894
2022-12-21,374.5028381347656,1.3955749951269016
2022-12-22,369.16015625,1.3182229477247904
2022-12-23,371.2835998535156,1.4074211358963016
2022-12-27,369.8194274902344,1.3292256787808605
2022-12-28,365.2234191894531,1.2739403189799343
2022-12-29,371.79754638671875,1.3352685299201743
2022-12-30,370.81817626953125,1.2622352626659785
2023-01-03,369.2571105957031,1.204246717495405
2023-01-04,372.10784912109375,1.1619317665877087
2023-01-05,367.86077880859375,1.1015941990647895
2023-01-06,376.296630859375,1.1728261956262904
2023-01-09,376.08331298828125,1.1116760563061425
2023-01-10,378.7207336425781,1.0570538477151428
2023-01-11,383.5107116699219,1.0046648222059584
2023-01-12,384.906982421875,0.9563457666907276
2023-01-13,386.4002380371094,0.9118514747166158
2023-01-17,385.69244384765625,0.8709486768555262
2023-01-18,379.6031188964844,0.8417839675932418
2023-01-19,376.83966064453125,1.0807304101213382
2023-01-20,383.8597717285156,1.0855012800363693
2023-01-23,388.465576171875,1.0309319135082946
2023-01-24,388.04864501953125,0.9805629278680013
2023-01-25,388.1941223144531,0.9380704511390685
2023-01-26,392.4604797363281,0.8953489345821717
2023-01-27,393.3622741699219,0.8557971165512711
2023-01-30,388.4267883300781,0.8195295881027705
2023-01-31,394.1379699707031,0.9768987641715786
2023-02-01,398.3267822265625,0.930768585870213
2023-02-02,404.1252136230469,0.8883300709160832
2023-02-03,399.8297119140625,0.8493561843350319
2023-02-06,397.3862609863281,0.9534709636352816
2023-02-07,402.5835266113281,0.9582469554411647
2023-02-08,398.1813049316406,0.9136007566801696
2023-02-09,394.72943115234375,1.0108047328672434
2023-02-10,395.65057373046875,1.046804740976407
2023-02-13,400.2951354980469,0.9952061705479657
2023-02-14,400.1109619140625,0.9476301441198987
2023-02-15,401.41021728515625,0.9057809212954374
2023-02-16,395.88330078125,0.8653738344424414
2023-02-17,394.8943176269531,1.0420341388180958
2023-02-21,386.97235107421875,1.0016633376898436
2023-02-22,386.43902587890625,1.313366797632935
2023-02-23,388.49468994140625,1.245843346774375
2023-02-24,384.3446350097656,1.179301365299167
2023-02-27,385.6536560058594,1.224165984592316
2023-02-28,384.228271484375,1.1592153774511456
2023-03-01,382.75445556640625,1.1168897216744254
2023-03-02,385.7311706542969,1.0795165289700284
2023-03-03,391.91748046875,1.0254042435646926
2023-03-06,392.18896484375,0.975465045554166
2023-03-07,386.1772155761719,0.9294995159225974
2023-03-08,386.8075256347656,1.1297027624637552
2023-03-09,379.6709899902344,1.0717825584916623
2023-03-10,374.19256591796875,1.3160605886067256
2023-03-13,373.65924072265625,1.4089280951470164
2023-03-14,379.8357849121094,1.3344460771849105
2023-03-15,377.4601745605469,1.2614720150466674
2023-03-16,384.08282470703125,1.2330751625903877
2023-03-17,379.59185791015625,1.1674696058062146
2023-03-20,383.24188232421875,1.232701688882273
2023-03-21,388.2740173339844,1.1671235618678988
2023-03-22,381.6553039550781,1.1063984799118876
2023-03-23,382.6871032714844,1.304253161739833
2023-03-24,385.1982421875,1.2334586609319669
2023-03-27,385.91851806640625,1.1678249404502064
2023-03-28,385.0522766113281,1.1070475469002414
2023-03-29,390.64898681640625,1.0596262694595722
2023-03-30,392.9363708496094,1.007039266335803
2023-03-31,398.474609375,0.9585340984968094
2023-04-03,399.9930419921875,0.9138649672800195
2023-04-04,397.7738037109375,0.8727980672533735
2023-04-05,396.7323303222656,0.8802886841559678
2023-04-06,398.2799072265625,0.8556359642103268
2023-04-10,398.6887512207031,0.819381959782936
2023-04-11,398.7957763671875,0.7862023730873141
2023-04-12,397.1703186035156,0.7564152851541546
2023-04-13,402.4458312988281,0.7598018497391654
2023-04-14,401.4627380371094,0.731829569718602
2023-04-17,402.9032897949219,0.721049174900147
2023-04-18,403.16607666015625,0.6965853975772184
2023-04-19,403.0979919433594,0.6744916075500652
2023-04-20,400.8982238769531,0.6560681253057921
2023-04-21,401.20965576171875,0.6943056501416242
2023-04-24,401.62823486328125,0.6723562225037638
2023-04-25,395.25286865234375,0.6524645109715723
2023-04-26,393.5787353515625,0.9618387237393015
2023-04-27,401.41412353515625,0.9433707701819788
2023-04-28,404.8402099609375,0.8999164827835789
2023-05-01,404.431396484375,0.8599896558320981
2023-05-02,399.8858947753906,0.8275458532303106
2023-05-03,397.1410827636719,0.9506960011990276
2023-05-04,394.32818603515625,0.9665733958798645
2023-05-05,401.62823486328125,0.9835502179021177
2023-05-08,401.73529052734375,0.9368935346335496
2023-05-09,399.97357177734375,0.8944014994277975
2023-05-10,401.84234619140625,0.8848919977187081
2023-05-11,401.14154052734375,0.8462019481210548
2023-05-12,400.615966796875,0.8188049106188487
2023-05-15,401.998046875,0.7915124419369426
2023-05-16,399.3116455078125,0.7607428512417039
2023-05-17,404.158935546875,0.8024352727458481
2023-05-18,408.0522766113281,0.7707160068505073
2023-05-19,407.45849609375,0.741773924519201
2023-05-22,407.62396240234375,0.7226827452999162
2023-05-23,403.0492858886719,0.6984177691213439
2023-05-24,400.1292419433594,0.8545304913336288
2023-05-25,403.5943908691406,0.8906325854456154
2023-05-26,408.8211975097656,0.8514688861898392
2023-05-30,408.9769592285156,0.8155650068051286
2023-05-31,406.70904541015625,0.7830553368291234
2023-06-01,410.5732421875,0.8027938950130483
2023-06-02,416.51055908203125,0.7710435634039576
2023-06-05,415.71240234375,0.7420724920970939
2023-06-06,416.61761474609375,0.7260235697203288
2023-06-07,415.1770324707031,0.7011034240974694
2023-06-08,417.68829345703125,0.7041604656385914
2023-06-09,418.437744140625,0.6812602989517711
2023-06-12,422.2337951660156,0.6605174501424385
2023-06-13,425.01751708984375,0.6417687483705896
2023-06-14,425.5236511230469,0.6248582049055047
2023-06-15,430.79913330078125,0.6096371241244032
2023-06-16,429.3317565917969,0.5959642486174042
2023-06-20,427.104248046875,0.6126786294039196
2023-06-21,424.9159851074219,0.6538716820096812
2023-06-22,426.44976806640625,0.6869192434286453
2023-06-23,423.2257995605469,0.6656391293393112
2023-06-26,421.4966125488281,0.7423222789545619
2023-06-27,426.1175842285156,0.7476305823716742
2023-06-28,426.3325500488281,0.7207489849412727
2023-06-29,428.0128173828125,0.6965412443015964
2023-06-30,433.063720703125,0.6743539458873713
2023-07-03,433.5619812011719,0.6542706474647209
2023-07-05,432.91717529296875,0.6361304819347215
2023-07-06,429.52716064453125,0.6283745727085158
2023-07-07,428.4427185058594,0.719290834412162
2023-07-10,429.52716064453125,0.710621723300952
2023-07-11,432.2626037597656,0.6871207124018819
2023-07-12,435.7405090332031,0.6658215222063333
2023-07-13,439.198974609375,0.6465590869265792
2023-07-14,438.9254455566406,0.6291755030320638
2023-07-17,440.449462890625,0.6170988337419657
2023-07-18,443.7223205566406,0.6026636148761849
2023-07-19,444.7089538574219,0.5897092779212084
2023-07-20,441.75860595703125,0.5781059706430657
2023-07-21,441.75860595703125,0.654244424008909
2023-07-24,443.7320861816406,0.6373353741524591
2023-07-25,444.94342041015625,0.620864762089013
2023-07-26,445.0118103027344,0.6060472704134783
2023-07-27,442.06146240234375,0.5936579507295161
2023-07-28,446.3893737792969,0.6662551730948971
2023-07-31,447.23931884765625,0.6469508543782048
2023-08-01,445.9595031738281,0.629528688719162
2023-08-02,439.7558288574219,0.635043288453511
2023-08-03,438.4955749511719,0.8890631175409419
2023-08-04,436.5123596191406,0.8655004501541051
2023-08-07,440.32244873046875,0.860901641834115
2023-08-08,438.40765380859375,0.8242063585203838
2023-08-09,435.4767761230469,0.822487043677687
2023-08-10,435.6330871582031,0.8542447274457966
2023-08-11,435.37908935546875,0.8184624896651509
2023-08-14,437.7823791503906,0.7880183898517756
2023-08-15,432.6827392578125,0.7575540354493222
2023-08-16,429.50762939453125,0.908438850550233
2023-08-17,426.23480224609375,0.9377843827399904
2023-08-18,426.4399719238281,0.9673351671361688
2023-08-21,429.21453857421875,0.9221568021365052
2023-08-22,428.05194091796875,0.8804157387401504
2023-08-23,432.8194885253906,0.8564516514707345
2023-08-24,426.82098388671875,0.8201292063661229
2023-08-25,429.83001708984375,1.0118648825677499
2023-08-28,432.5556945800781,0.9629819789909008
2023-08-29,438.8082275390625,0.9179579724272288
2023-08-30,440.6155700683594,0.8765579666809051
2023-08-31,439.9707946777344,0.838558029777941
2023-09-01,440.7914123535156,0.8102595071487632
2023-09-05,438.8863525390625,0.7778640804242497
2023-09-06,435.9359130859375,0.7815585797938344
2023-09-07,434.5975341796875,0.8204840490657267
2023-09-08,435.2521057128906,0.8057201602977964
2023-09-11,438.11456298828125,0.773716607624346
2023-09-12,435.71124267578125,0.7445092202015903
2023-09-13,436.21923828125,0.7690247001506987
2023-09-14,439.9805603027344,0.7402324066857141
2023-09-15,434.67950439453125,0.7140186814001547
2023-09-18,434.9344177246094,0.8876746172607967
2023-09-19,434.03240966796875,0.8488754170334012
2023-09-20,430.042236328125,0.8233313249606141
2023-09-21,422.9343566894531,0.9018242453062127
2023-09-22,421.9833984375,1.1430958206732158
2023-09-25,423.7578430175781,1.0927080947210612
2023-09-26,417.5323486328125,1.0375894204006197
2023-09-27,417.69903564453125,1.1937827966318995
2023-09-28,420.1205749511719,1.131296908143773
2023-09-29,419.1009826660156,1.073256641445052
2023-10-02,418.93426513671875,1.0297450043962322
2023-10-03,413.326416015625,0.9811067068623686
2023-10-04,416.33624267578125,1.1192591413128394
2023-10-05,416.17938232421875,1.0621268112435986
2023-10-06,421.1205749511719,1.0108872093931114
2023-10-09,423.81671142578125,0.9620807812033353
2023-10-10,426.0225830078125,0.9171286238613227
2023-10-11,427.7677001953125,0.8757960623168765
2023-10-12,425.1598815917969,0.8378593650708486
2023-10-13,423.04217529296875,0.8580037165743084
2023-10-16,427.49322509765625,0.859910612385622
2023-10-17,427.4736022949219,0.8232982828195925
2023-10-18,421.7774658203125,0.7908745347145052
2023-10-19,418.0715637207031,0.9766304396849285
2023-10-20,412.93426513671875,1.0200051962866932
2023-10-23,412.2185974121094,1.124747013212118
2023-10-24,415.326416015625,1.0732888814167536
2023-10-25,409.3656005859375,1.0196531298164848
2023-10-26,404.4635925292969,1.1718985150658476
2023-10-27,402.6302795410156,1.2417599026488424
2023-10-30,407.4440612792969,1.198712458033971
2023-10-31,410.00286865234375,1.1356403146523426
2023-11-01,414.3754577636719,1.0772731912011917
2023-11-02,422.31671142578125,1.0233324571680849
2023-11-03,426.1696472167969,0.9735545608365321
2023-11-06,427.1500549316406,0.9276896255720811
2023-11-07,428.36572265625,0.8855001552752668
2023-11-08,428.67950439453125,0.846759861882024
2023-11-09,425.3362731933594,0.8112922839598975
2023-11-10,431.97357177734375,0.8645060852897278
2023-11-13,431.5618591308594,0.8275094703421152
2023-11-14,439.9344482421875,0.7977153569140026
2023-11-15,440.8658142089844,0.7664056270649487
2023-11-16,441.4050598144531,0.7378456452321981
2023-11-17,441.9541015625,0.7118482000768174
2023-11-20,445.35601806640625,0.6882335108402939
2023-11-21,444.3854675292969,0.6668290184707018
2023-11-22,446.1011657714844,0.6610616773535571
2023-11-24,446.3756408691406,0.6422601394638826
2023-11-27,445.5717468261719,0.6254374988424516
2023-11-28,446.0129089355469,0.6212890942838565
2023-11-29,445.6991882324219,0.6064286319698334
2023-11-30,447.4541015625,0.5971826366554182
2023-12-01,450.1011962890625,0.5847972946911443
2023-12-04,447.73846435546875,0.5737120002311465
2023-12-05,447.650146484375,0.6232019881675314
2023-12-06,445.8462829589844,0.6100429291589171
2023-12-07,449.24822998046875,0.6332326577396132
2023-12-08,451.17962646484375,0.6171710344230249
2023-12-11,452.9345703125,0.6027284711116487
2023-12-12,455.0032043457031,0.5897674238560515
2023-12-13,461.2777404785156,0.5781580038245362
2023-12-14,462.75811767578125,0.5677780865511354
2023-12-15,461.9961853027344,0.5585133696888007
2023-12-18,464.594970703125,0.5612290470836038
2023-12-19,467.42010498046875,0.5526760315032782
2023-12-20,460.9429626464844,0.5450623050887429
2023-12-21,465.31353759765625,0.8332691061079636
2023-12-22,466.24871826171875,0.7989041470153526
2023-12-26,468.21746826171875,0.7674911503078004
2023-12-27,469.06402587890625,0.7388348299101644
2023-12-28,469.2412109375,0.7127476994702537
2023-12-29,467.88275146484375,0.6894433073401892
2024-01-02,465.26434326171875,0.6878055411347904
2024-01-03,461.4646911621094,0.7230491724449138
2024-01-04,459.978271484375,0.8004535944740683
2024-01-05,460.6082763671875,0.7892882582555376
2024-01-08,467.18389892578125,0.7587128870948274
2024-01-09,466.4751281738281,0.7308377903391856
2024-01-10,469.11322021484375,0.7132282635195909
2024-01-11,468.9065246582031,0.6894858014510543
2024-01-12,469.2313537597656,0.6705215353298501
2024-01-16,467.5086669921875,0.6508788816094095
2024-01-17,464.9100036621094,0.6631899504648481
2024-01-18,469.0443115234375,0.7019382555631895
2024-01-19,474.8915100097656,0.6792455117844733
2024-01-22,475.8955993652344,0.6586946308825035
2024-01-23,477.28350830078125,0.6401231058807617
2024-01-24,477.8052673339844,0.6233756199649538
2024-01-25,480.4040222167969,0.6083041619353302
2024-01-26,479.793701171875,0.5947681729495599
2024-01-29,483.5933532714844,0.5902073387635084
2024-01-30,483.2193603515625,0.5785516859308962
2024-01-31,475.3345031738281,0.5727807221193173
2024-02-01,481.5557556152344,0.9313717300165993
2024-02-02,486.6252746582031,0.8888844697570819
2024-02-05,484.8533630371094,0.8498648599806516
2024-02-06,486.26104736328125,0.837427441033732
2024-02-07,490.316650390625,0.8027094386671816
2024-02-08,490.5332336425781,0.7709664224573144
2024-02-09,493.3682556152344,0.7422863865633403
2024-02-12,493.15167236328125,0.7158868569987545
2024-02-13,486.3594665527344,0.6943632018390985
2024-02-14,490.77935791015625,0.9230798979032341
2024-02-15,494.1655578613281,0.8812639431948609
2024-02-16,491.70465087890625,0.8428739556369805
2024-02-20,488.99761962890625,0.846668884723086
2024-02-21,489.4405822753906,0.8570135183559007
2024-02-22,499.56976318359375,0.8206441380299405
2024-02-23,499.914306640625,0.7873564031756252
2024-02-26,498.0833435058594,0.7570142411831693
2024-02-27,499.0086975097656,0.7554859326859081
2024-02-28,498.3491516113281,0.727899279039535
2024-02-29,500.1407470703125,0.7093947208506536
2024-03-01,504.836181640625,0.6860075555926682
2024-03-04,504.29473876953125,0.6648138087544849
2024-03-05,499.2547607421875,0.6513145033211402
2024-03-06,501.7845764160156,0.7886436866869047
2024-03-07,506.76556396484375,0.7581246546210617
2024-03-08,503.72381591796875,0.7303020862971301
2024-03-11,503.29071044921875,0.7653601345816753
2024-03-12,508.7048034667969,0.7408600454478627
2024-03-13,507.90740966796875,0.714589512256229
2024-03-14,506.9034118652344,0.6989642650989101
2024-03-15,503.42266845703125,0.6879361469158449
2024-03-18,506.41461181640625,0.7460713892333246
2024-03-19,509.22882080078125,0.7193302340831749
2024-03-20,513.9389038085938,0.695024591517722
2024-03-21,515.63720703125,0.6729797665967359
2024-03-22,514.65966796875,0.6530282162795277
2024-03-25,513.23779296875,0.6464651560365337
2024-03-26,512.289794921875,0.6487461577052667
2024-03-27,516.594970703125,0.6422799617420097
2024-03-28,516.496337890625,0.6253188228370951
2024-04-01,515.5975952148438,0.6119189585314216
2024-04-02,512.3195190429688,0.6088672963994219
2024-04-03,512.8822631835938,0.6726576953871042
2024-04-04,506.62200927734375,0.652737048366562
2024-04-05,511.9145812988281,0.849771286877067
2024-04-08,512.200927734375,0.8140102765754783
2024-04-09,512.79345703125,0.7814451345912248
2024-04-10,507.6587219238281,0.7515569644395341
2024-04-11,511.49005126953125,0.8637712845636345
2024-04-12,504.4298400878906,0.8268360512088688
2024-04-15,498.1103210449219,1.0151375193468446
2024-04-16,497.2018737792969,1.1261514209319239
2024-04-17,494.25927734375,1.0750016149950843
2024-04-18,493.24224853515625,1.0627999217496344
2024-04-19,488.9370422363281,1.0180641329544613
2024-04-22,493.4397277832031,1.0539609785188053
2024-04-23,499.2951965332031,1.001810205986152
2024-04-24,499.0582275390625,0.9537151175484542
2024-04-25,497.162353515625,0.9114072740485912
2024-04-26,501.8724365234375,0.8939152212084499
2024-04-29,503.6498107910156,0.8544812900253174
2024-04-30,495.6713562011719,0.8183242220231202
2024-05-01,494.06182861328125,1.0663556835447345
2024-05-02,498.6829833984375,1.0289992152047611
2024-05-03,504.8643798828125,0.9787804059702283
2024-05-06,510.0780334472656,0.9325011426853331
2024-05-07,510.6408386230469,0.8899226403841527
2024-05-08,510.69012451171875,0.8508174434764029
2024-05-09,513.6327514648438,0.8157368011951402
2024-05-10,514.2943725585938,0.7828700170203573
2024-05-13,514.3634033203125,0.7528567288960072
2024-05-14,516.7233276367188,0.7262913821437268
2024-05-15,523.1219482421875,0.7013467188535343
2024-05-16,522.045654296875,0.6787092573171389
2024-05-17,522.7960205078125,0.670562864200444
2024-05-20,523.3984375,0.6508434531099476
2024-05-21,524.6820678710938,0.6330387892485737
2024-05-22,523.1713256835938,0.6169965371820126
2024-05-23,519.3499755859375,0.6243597550204215
2024-05-24,522.7862548828125,0.7045641573826747
2024-05-28,523.151611328125,0.6816263527241563
2024-05-29,519.4881591796875,0.6609165110911341
2024-05-30,516.0420532226562,0.7270543722253411
2024-05-31,520.7422485351562,0.7736650550305998
2024-06-03,521.1668090820312,0.7444622210249182
2024-06-04,521.7493896484375,0.7178800242741972
2024-06-05,527.9505004882812,0.6937079692986797
2024-06-06,527.9406127929688,0.6717869834692716
2024-06-07,527.298828125,0.6531980017601369
2024-06-10,528.927978515625,0.6417742350120329
2024-06-11,530.2017822265625,0.624863148381818
2024-06-12,534.5564575195312,0.6096415691197927
2024-06-13,535.6328125,0.5959682375003703
2024-06-14,535.9586181640625,0.5837094817118794
2024-06-17,540.2242431640625,0.5728953752480692
2024-06-18,541.5968017578125,0.5630789384256161
2024-06-20,540.1256103515625,0.5543242411008021
2024-06-21,539.4014282226562,0.5684904509555335
2024-06-24,537.64794921875,0.5675461309084938
2024-06-25,539.7184448242188,0.5864492715834363
2024-06-26,540.3920288085938,0.5751894005599701
2024-06-27,541.2439575195312,0.5651268560759235
2024-06-28,539.1141357421875,0.5561494861471148
2024-07-01,540.2236328125,0.5866257105522856
2024-07-02,543.8591918945312,0.5753472156365763
2024-07-03,546.2862548828125,0.5652677679215822
2024-07-05,549.4363403320312,0.5562750994570679
2024-07-08,550.0703735351562,0.54826474517243
2024-07-09,550.6052856445312,0.5411399477393263
2024-07-10,556.0537719726562,0.5348114920511658
2024-07-11,551.2590942382812,0.5291974743421404
2024-07-12,554.7361450195312,0.6659666208764875
2024-07-15,556.2617797851562,0.6466901695094576
2024-07-16,559.5604248046875,0.6292936746810373
2024-07-17,551.7147827148438,0.6136264394837434
2024-07-18,547.4749145507812,0.8792348917212831
2024-07-19,543.83935546875,0.9189517589423424
2024-07-22,549.4463500976562,0.9358670919869975
2024-07-23,548.5844116210938,0.8930169379166982
2024-07-24,536.1521606445312,0.8603469559469813
2024-07-25,533.3585815429688,1.3072512199783681
2024-07-26,539.3320922851562,1.2640820414910041
2024-07-29,539.6490478515625,1.1962068134109451
2024-07-30,536.9149169921875,1.1334098428730173
2024-07-31,545.642333984375,1.1056497745295175
2024-08-01,537.91552734375,1.049547645483517
2024-08-02,527.9003295898438,1.1903188945279808
2024-08-05,512.5259399414062,1.4069140733109038
2024-08-06,517.251220703125,1.8541972231702837
2024-08-07,513.7939453125,1.7450491720489543
2024-08-08,525.6714477539062,1.6756114778101012
2024-08-09,527.989501953125,1.5786686568408717
2024-08-12,528.2669067382812,1.4884345230704827
2024-08-13,536.9545288085938,1.4046123349971147
2024-08-14,538.6485595703125,1.326616716541972
2024-08-15,547.881103515625,1.2542066925170916
2024-08-16,549.1094360351562,1.1870527211225466
2024-08-19,554.3597412109375,1.124844797613297
2024-08-20,553.4583129882812,1.0672907964281595
2024-08-21,555.3602905273438,1.02001491162021
2024-08-22,551.0015258789062,0.9704955550953359
2024-08-23,556.8560791015625,0.9989135047321269
2024-08-26,555.5286254882812,0.9510459306988645
2024-08-27,556.2914428710938,0.9180508683684329
2024-08-28,553.0620727539062,0.8766433097743306
2024-08-29,553.1115112304688,0.887181557566877
2024-08-30,558.3915405273438,0.8490535401127736
2024-09-03,546.9003295898438,0.8133529760355677
2024-09-04,545.781005859375,1.2107359450689286
2024-09-05,544.4534912109375,1.1538584273536219
2024-09-06,535.2903442382812,1.1035934839855535
2024-09-09,541.2835693359375,1.2966532248343754
2024-09-10,543.6412353515625,1.2264092704374856
2024-09-11,549.2183837890625,1.1612936287137587
2024-09-12,553.8446044921875,1.1010037270857596
2024-09-13,556.7372436523438,1.045254224420069
2024-09-16,557.5594482421875,0.9937754717713292
2024-09-17,557.7872924804688,0.9463120667351081
2024-09-18,556.1329956054688,0.9028886730125323
2024-09-19,565.6231079101562,0.8787754603205031
2024-09-20,564.6453247070312,0.8405916097542807
2024-09-23,566.0562744140625,0.8136270648832452
2024-09-24,567.6759643554688,0.7809416465953484
2024-09-25,566.4239501953125,0.7510977165815697
2024-09-26,568.6696166992188,0.7362921964830711
2024-09-27,567.8448486328125,0.7104357361306678
